日期,股票代码,名称,收盘价,最高价,最低价,开盘价,前收盘,涨跌额,涨跌幅,换手率,成交量,成交金额,总市值,流通市值
2017-10-20,'002450,康得新,22.6,22.85,22.01,22.59,22.58,0.02,0.0886,1.1382,33027091,740683785.35,79935926766.0,65576633854.2
2017-10-19,'002450,康得新,22.58,23.2,22.56,23.1,23.08,-0.5,-2.1664,1.0259,29766501,680892116.21,79865187007.8,65518601434.9
2017-10-18,'002450,康得新,23.08,23.09,22.65,22.79,22.84,0.24,1.0508,1.0287,29849504,685087512.59,81633680962.8,66969411918.4
2017-10-17,'002450,康得新,22.84,23.08,22.41,22.5,22.47,0.37,1.6466,1.1163,32390023,738945534.67,80784803864.4,66273022886.3
2017-10-16,'002450,康得新,22.47,23.19,22.45,22.74,22.74,-0.27,-1.1873,1.3249,38442826,878478150.13,79476118337.7,65199423128.5
2017-10-13,'002450,康得新,22.74,22.82,22.39,22.5,22.53,0.21,0.9321,0.9948,28864148,653137619.82,80431105073.4,65982860789.6
2017-10-12,'002450,康得新,22.53,22.78,22.37,22.59,22.61,-0.08,-0.3538,1.1379,33016370,743965475.26,79688337612.3,65373520386.5
2017-10-11,'002450,康得新,22.61,22.65,21.76,21.81,21.87,0.74,3.3836,2.1062,61114782,1361840794.2,79971296645.1,65605650063.9
2017-10-10,'002450,康得新,21.87,21.93,21.35,21.47,21.51,0.36,1.6736,1.3533,39266841,850434357.37,77353925591.7,63458450548.3
2017-10-09,'002450,康得新,21.51,21.65,21.16,21.5,21.21,0.3,1.4144,1.5453,44838833,958161567.12,76080609944.1,62413867000.2
2017-09-29,'002450,康得新,21.21,21.4,21.05,21.08,21.09,0.12,0.569,0.8457,24538964,520083189.01,75019513571.1,61543380710.1
2017-09-28,'002450,康得新,21.09,21.13,21.02,21.06,21.04,0.05,0.2376,0.631,18309709,385705089.74,74595075021.9,61195186194.0
2017-09-27,'002450,康得新,21.04,21.18,21.02,21.15,21.14,-0.1,-0.473,0.8012,23248188,490329308.2,74418225626.4,61050105145.7
2017-09-26,'002450,康得新,21.14,21.25,20.96,21.13,21.22,-0.08,-0.377,1.0132,29398179,618879879.71,74771924417.4,61340267242.4
2017-09-25,'002450,康得新,21.22,21.44,20.97,21.35,21.35,-0.13,-0.6089,1.061,30785244,651692521.72,75054883450.2,61572396919.7
2017-09-22,'002450,康得新,21.35,21.44,21.23,21.32,21.59,-0.24,-1.1116,0.7289,21151088,451180613.31,75514691878.5,61949607645.4
2017-09-21,'002450,康得新,21.59,21.8,21.24,21.7,21.77,-0.18,-0.8268,1.584,45960858,987363223.03,76363568976.9,62645996677.5
2017-09-20,'002450,康得新,21.77,21.89,21.61,21.7,21.8,-0.03,-0.1376,1.1648,33798624,734533633.1,77000226800.7,63168288451.6
2017-09-19,'002450,康得新,21.8,21.94,21.53,21.8,21.65,0.15,0.6928,1.4745,42783466,929988604.71,77106336438.0,63255337080.6
2017-09-18,'002450,康得新,21.65,21.77,21.38,21.47,21.38,0.27,1.2629,1.3327,38671178,835934811.13,76575788251.5,62820093935.6
2017-09-15,'002450,康得新,21.38,21.4,20.98,21.35,21.35,0.03,0.1405,1.7865,51787787,1097578419.8,75560946538.2,61976801296.8
2017-09-14,'002450,康得新,21.35,21.64,21.27,21.52,21.51,-0.16,-0.7438,1.2249,35506990,761930524.04,75454920888.2,61889836655.2
2017-09-13,'002450,康得新,21.51,21.64,21.0,21.1,21.09,0.42,1.9915,1.4831,42991560,917348154.25,76020391021.3,62353648077.4
2017-09-12,'002450,康得新,21.09,21.29,20.91,21.07,21.06,0.03,0.1425,1.3642,39546344,834619544.17,74536031921.9,61136143094.0
2017-09-11,'002450,康得新,21.06,21.26,20.91,21.0,20.98,0.08,0.3813,1.4004,40594999,855262539.79,74430006271.9,61049178452.3
2017-09-08,'002450,康得新,20.98,21.21,20.51,20.6,20.83,0.15,0.7201,2.7797,80577623,1684381993.11,74147271205.4,60817272741.2
2017-09-07,'002450,康得新,20.83,21.34,20.48,21.34,19.4,1.43,7.3711,5.4042,156656889,3287979588.73,73617142955.6,60382449532.9
2017-09-06,'002450,康得新,0.0,0.0,0.0,0.0,19.4,None,None,0.0,0,0.0,68563253640.8,56237134946.6
2017-09-05,'002450,康得新,0.0,0.0,0.0,0.0,19.4,None,None,0.0,0,0.0,68563253640.8,56237134946.6
2017-09-04,'002450,康得新,0.0,0.0,0.0,0.0,19.4,None,None,0.0,0,0.0,68563253640.8,56237134946.6
2017-09-01,'002450,康得新,0.0,0.0,0.0,0.0,19.4,None,None,0.0,0,0.0,68563253640.8,56237134946.6
2017-08-31,'002450,康得新,0.0,0.0,0.0,0.0,19.4,None,None,0.0,0,0.0,68563253640.8,56237134946.6
2017-08-30,'002450,康得新,0.0,0.0,0.0,0.0,19.4,None,None,0.0,0,0.0,68563253640.8,56237134946.6
2017-08-29,'002450,康得新,0.0,0.0,0.0,0.0,19.4,None,None,0.0,0,0.0,68563253640.8,56237134946.6
2017-08-28,'002450,康得新,0.0,0.0,0.0,0.0,19.4,None,None,0.0,0,0.0,68563253640.8,56237134946.6
2017-08-25,'002450,康得新,0.0,0.0,0.0,0.0,19.4,None,None,0.0,0,0.0,68563253640.8,56237134946.6
2017-08-24,'002450,康得新,0.0,0.0,0.0,0.0,19.4,None,None,0.0,0,0.0,68563253640.8,56237134946.6
2017-08-23,'002450,康得新,0.0,0.0,0.0,0.0,19.4,None,None,0.0,0,0.0,68563253640.8,56237134946.6
2017-08-22,'002450,康得新,0.0,0.0,0.0,0.0,19.4,None,None,0.0,0,0.0,68563253640.8,56237134946.6
2017-08-21,'002450,康得新,0.0,0.0,0.0,0.0,19.4,None,None,0.0,0,0.0,68563253640.8,56237134946.6
2017-08-18,'002450,康得新,0.0,0.0,0.0,0.0,19.4,None,None,0.0,0,0.0,68563253640.8,56237134946.6
2017-08-17,'002450,康得新,0.0,0.0,0.0,0.0,19.4,None,None,0.0,0,0.0,68563253640.8,56237134946.6
2017-08-16,'002450,康得新,0.0,0.0,0.0,0.0,19.4,None,None,0.0,0,0.0,68563253640.8,56237134946.6
2017-08-15,'002450,康得新,0.0,0.0,0.0,0.0,19.4,None,None,0.0,0,0.0,68563253640.8,56237134946.6
2017-08-14,'002450,康得新,0.0,0.0,0.0,0.0,19.4,None,None,0.0,0,0.0,68563253640.8,56237134946.6
2017-08-11,'002450,康得新,0.0,0.0,0.0,0.0,19.4,None,None,0.0,0,0.0,68563253640.8,56237134946.6
2017-08-10,'002450,康得新,0.0,0.0,0.0,0.0,19.4,None,None,0.0,0,0.0,68563253640.8,56237134946.6
2017-08-09,'002450,康得新,0.0,0.0,0.0,0.0,19.4,None,None,0.0,0,0.0,68563253640.8,56237134946.6
2017-08-08,'002450,康得新,0.0,0.0,0.0,0.0,19.4,None,None,0.0,0,0.0,68563253640.8,56237134946.6
2017-08-07,'002450,康得新,0.0,0.0,0.0,0.0,19.4,None,None,0.0,0,0.0,68563253640.8,56237134946.6
2017-08-04,'002450,康得新,19.4,19.59,19.21,19.58,19.55,-0.15,-0.7673,1.8159,52640921,1018282804.4,68563253640.8,56237134946.6
2017-08-03,'002450,康得新,19.55,19.74,19.41,19.57,19.29,0.26,1.3478,1.2933,37491105,734107256.87,69093381890.6,56671958154.9
2017-08-02,'002450,康得新,19.29,19.89,19.19,19.83,19.85,-0.56,-2.8212,1.8439,53451186,1040721221.98,68174492924.3,55918264593.8
2017-08-01,'002450,康得新,19.85,19.92,19.52,19.7,19.74,0.11,0.5572,1.2797,37097200,731843349.5,70153638390.2,57541604571.7
2017-07-31,'002450,康得新,19.74,20.0,19.44,19.98,19.87,-0.13,-0.6543,1.771,51338991,1008427727.17,69764877673.7,57222734218.9
2017-07-28,'002450,康得新,19.87,20.09,19.59,19.72,19.56,0.31,1.5849,2.1603,62524127,1241286296.64,70133797318.0,57509056160.6
2017-07-27,'002450,康得新,19.56,19.69,18.9,19.61,19.6,-0.04,-0.2041,3.1262,90479136,1743251852.04,69039611250.1,56611833845.0
2017-07-26,'002450,康得新,19.6,20.4,19.18,20.02,19.71,-0.11,-0.5581,5.3722,155485219,3069815200.51,69180796549.2,56727604466.4
2017-07-25,'002450,康得新,19.71,21.95,19.71,21.9,21.9,-2.19,-10.0,2.3211,67178610,1398738398.33,69569056121.7,57045973675.1
2017-07-24,'002450,康得新,21.9,22.05,21.78,21.88,21.9,0.0,0.0,0.7061,20435723,447423327.49,77298951246.3,63384415194.6
2017-07-21,'002450,康得新,21.9,22.06,21.71,21.96,21.98,-0.08,-0.364,0.7388,21381848,467096584.66,77298951246.3,63384415194.6
2017-07-20,'002450,康得新,21.98,22.15,21.52,21.65,21.67,0.31,1.4305,1.4432,41769023,916868167.5,77581321844.5,63615956437.3
2017-07-19,'002450,康得新,21.67,21.72,21.42,21.48,21.51,0.16,0.7438,1.0566,30580292,659599390.55,76487135776.6,62718734121.8
2017-07-18,'002450,康得新,21.51,21.55,21.06,21.1,21.18,0.33,1.5581,1.2014,34772908,741351261.39,75922394580.3,62255651636.3
2017-07-17,'002450,康得新,21.18,21.39,20.66,21.0,21.12,0.06,0.2841,1.4053,40674167,858049187.99,74757615862.9,61300544010.1
2017-07-14,'002450,康得新,21.12,21.42,20.95,21.42,21.36,-0.24,-1.1236,1.1185,32371824,683227602.02,74545837914.2,61126888078.1
2017-07-13,'002450,康得新,21.36,21.48,21.08,21.37,21.26,0.1,0.4704,0.9611,27817175,591909859.63,75392949708.7,61821511806.2
2017-07-12,'002450,康得新,21.26,21.84,21.2,21.69,21.8,-0.54,-2.4771,1.4962,43304808,929033138.24,75039986461.0,61532085252.8
2017-07-11,'002450,康得新,21.8,21.98,21.48,21.62,21.66,0.14,0.6464,1.3208,38226351,830190027.04,76945987998.6,63094988641.2
2017-07-10,'002450,康得新,21.66,22.06,21.56,21.7,21.87,-0.21,-0.9602,1.0916,31592947,688024258.24,76451839451.8,62689791466.4
2017-07-07,'002450,康得新,21.87,22.03,21.77,21.9,21.97,-0.1,-0.4552,1.0525,30461653,666267502.13,77193062272.0,63297587228.6
2017-07-06,'002450,康得新,21.97,22.25,21.7,22.15,22.12,-0.15,-0.6781,1.7354,50226058,1102025992.86,77546025519.7,63587013782.0
2017-07-05,'002450,康得新,22.12,22.17,21.87,22.14,22.1,0.02,0.0905,1.2439,36003183,794635147.88,78075470391.2,64021153612.1
2017-07-04,'002450,康得新,22.1,22.24,21.75,22.01,22.09,0.01,0.0453,1.3597,39354331,865497612.66,78004877741.7,63963268301.4
2017-07-03,'002450,康得新,22.09,22.56,21.92,22.5,22.52,-0.43,-1.9094,1.6322,47241590,1044927834.5,77969581416.9,63934325646.1
2017-06-30,'002450,康得新,22.52,22.79,22.42,22.6,22.7,-0.18,-0.793,1.0984,31790119,719303358.29,79487323382.0,65178859825.7
2017-06-29,'002450,康得新,22.7,22.83,22.0,22.11,22.02,0.68,3.0881,1.7783,51468927,1157155291.95,80122657227.9,65699827621.8
2017-06-28,'002450,康得新,22.02,22.37,21.89,22.22,22.38,-0.36,-1.6086,1.5016,43460133,960417411.88,77722507143.5,63731727058.7
2017-06-27,'002450,康得新,22.38,22.53,22.2,22.41,22.5,-0.12,-0.5333,1.3354,38649301,863019213.25,78993174835.3,64773662650.9
2017-06-26,'002450,康得新,22.5,22.85,22.26,22.57,22.45,0.05,0.2227,1.9722,57080954,1286195593.63,79416730732.5,65120974515.0
2017-06-23,'002450,康得新,22.45,22.48,21.54,21.63,21.53,0.92,4.2731,1.9521,56497589,1251103273.78,79240249108.6,64976261238.3
2017-06-22,'002450,康得新,21.53,21.88,21.42,21.68,21.78,-0.25,-1.1478,1.496,43297162,938038667.93,75992987229.8,62313536947.0
2017-06-21,'002450,康得新,21.78,21.79,21.16,21.29,21.24,0.54,2.5424,1.4667,42449832,913737833.07,76875395349.1,63037103330.5
2017-06-20,'002450,康得新,21.24,21.55,21.0,21.1,21.03,0.21,0.9986,1.458,42197641,898122458.2,74969393811.5,61474199942.2
2017-06-19,'002450,康得新,21.03,21.22,20.91,21.03,21.03,0.0,0.0,1.0756,31130554,655253993.62,74228170991.3,60866404180.0
2017-06-16,'002450,康得新,21.03,21.14,20.73,20.97,20.89,0.14,0.6702,1.2665,36656122,769075902.35,74228170991.3,60866404180.0
2017-06-15,'002450,康得新,20.89,20.97,20.61,20.77,20.81,0.08,0.3844,1.1022,31900427,664120145.34,73734022444.5,60461207005.3
2017-06-14,'002450,康得新,20.81,20.86,20.22,20.45,20.43,0.38,1.86,1.494,43240627,892026489.05,73451651846.4,60229665762.5
2017-06-13,'002450,康得新,20.43,20.45,20.15,20.17,20.17,0.26,1.289,0.9883,28604758,580524167.96,72110391505.1,59129844859.6
2017-06-12,'002450,康得新,20.17,20.7,20.13,20.56,20.6,-0.43,-2.0874,1.4387,41639824,851192692.75,71192687061.1,58377335820.8
2017-06-09,'002450,康得新,20.6,20.9,20.3,20.31,20.34,0.26,1.2783,1.9586,56686914,1169719364.29,72710429026.2,59621870000.4
2017-06-08,'002450,康得新,20.34,20.51,20.31,20.4,20.46,-0.12,-0.5865,0.8334,24121045,492150791.41,71792724582.2,58869360961.6
2017-06-07,'002450,康得新,20.46,20.48,20.2,20.24,20.23,0.23,1.1369,1.4337,41494169,845711036.21,72216280479.4,59216672825.6
2017-06-06,'002450,康得新,20.23,20.26,19.86,19.95,19.9,0.33,1.6583,1.0896,31535187,633529091.63,71404465009.7,58550991752.8
2017-06-05,'002450,康得新,19.9,20.08,19.66,19.7,19.65,0.25,1.2723,0.773,22374082,444930677.71,70239686292.3,57595884126.6
2017-06-02,'002450,康得新,19.65,19.96,19.5,19.96,20.04,-0.39,-1.9461,1.2701,36760769,724141917.59,69357278173.1,56872317743.1
2017-06-01,'002450,康得新,20.04,20.15,19.86,19.98,20.07,-0.03,-0.1495,0.8722,25244439,505265091.34,70733834839.1,58001081301.4
2017-05-31,'002450,康得新,20.07,20.15,19.65,20.09,20.01,0.06,0.2999,1.424,41214711,817874541.65,70839723813.4,58087909267.4
2017-05-26,'002450,康得新,20.01,20.44,19.77,20.36,20.34,-0.33,-1.6224,1.9894,57578181,1151860741.65,70627945864.8,57914253335.3
2017-05-25,'002450,康得新,20.34,20.46,20.14,20.39,20.32,0.02,0.0984,1.2245,35440686,718473792.13,71792724582.2,58869360961.6
2017-05-24,'002450,康得新,20.38,20.38,19.68,20.2,20.15,0.23,1.1414,1.9324,55928471,1119141413.68,71933909881.3,58985131582.9
2017-05-23,'002450,康得新,20.15,20.62,19.88,19.92,19.98,0.17,0.8509,2.1326,61724418,1255219173.57,71122094411.6,58319450510.1
2017-05-22,'002450,康得新,19.98,20.27,19.8,20.0,19.95,0.03,0.1504,1.2771,36961668,741609809.5,70522056890.5,57827425369.3
2017-05-19,'002450,康得新,19.95,20.27,19.78,20.06,19.84,0.11,0.5544,0.9533,27590567,552882067.23,70416167916.1,57740597403.3
2017-05-18,'002450,康得新,19.84,20.16,19.82,20.1,20.13,-0.29,-1.4406,0.9399,27202729,543250449.12,70027908343.7,57422228194.6
2017-05-17,'002450,康得新,20.13,20.5,19.98,20.36,20.3,-0.17,-0.8374,1.7896,51796458,1046898678.13,71051501762.0,58261565199.4
2017-05-16,'002450,康得新,20.3,20.3,19.68,19.68,19.73,0.57,2.889,2.3122,66922524,1346747269.82,71651539283.1,58753590340.2
2017-05-15,'002450,康得新,19.73,20.08,19.71,19.86,19.85,-0.12,-0.6045,1.0921,31607813,627717885.2,69639648771.2,57103858985.8
2017-05-12,'002450,康得新,19.85,19.86,19.49,19.68,19.7,0.15,0.7614,0.9381,27151121,534756083.6,70063204668.4,57451170849.9
2017-05-11,'002450,康得新,19.7,19.75,19.13,19.13,19.23,0.47,2.4441,1.4841,42955139,838030632.82,69533759796.9,57017031019.8
2017-05-10,'002450,康得新,19.23,19.55,19.15,19.22,19.14,0.09,0.4702,1.4755,42704465,827180714.23,67874832532.7,55656726218.8
2017-05-09,'002450,康得新,19.14,19.22,18.73,18.91,18.91,0.23,1.2163,0.8244,23860330,453875947.07,67557165609.8,55396242320.8
2017-05-08,'002450,康得新,18.91,19.2,18.88,18.89,18.98,-0.07,-0.3688,0.8241,23850686,453657312.6,66745350140.1,54730561247.9
2017-05-05,'002450,康得新,18.98,19.58,18.98,19.36,19.36,-0.38,-1.9628,1.0601,30683367,590941039.41,66992424413.5,54933159835.3
2017-05-04,'002450,康得新,19.36,19.73,19.35,19.63,19.63,-0.27,-1.3754,0.7873,22785448,445287897.59,68333684754.7,56032980738.2
2017-05-03,'002450,康得新,19.63,19.81,19.43,19.6,19.65,-0.02,-0.1018,0.8702,25184455,493434119.34,69286685523.5,56814432432.4
2017-05-02,'002450,康得新,19.65,20.1,19.62,19.91,19.91,-0.26,-1.3059,1.0201,29523273,584320731.65,69357278173.1,56872317743.1
2017-04-28,'002450,康得新,19.91,20.22,19.68,20.05,19.99,-0.08,-0.4002,1.4516,42013028,836882829.98,70274982617.1,57624826781.9
2017-04-27,'002450,康得新,19.99,20.03,19.53,19.73,19.7,0.29,1.4721,1.8171,52590495,1039675368.03,70557353215.2,57856368024.7
2017-04-26,'002450,康得新,19.7,20.15,19.17,19.19,19.23,0.47,2.4441,2.4782,71727029,1420272855.7,69533759796.9,57017031019.8
2017-04-25,'002450,康得新,19.23,19.57,19.15,19.45,19.35,-0.12,-0.6202,0.8747,25314955,490347865.15,67874832532.7,55656726218.8
2017-04-24,'002450,康得新,19.35,19.74,19.1,19.31,19.38,-0.03,-0.1548,1.2324,35669147,694313687.69,68298388429.9,56004038082.9
2017-04-21,'002450,康得新,19.38,19.69,19.25,19.67,19.62,-0.24,-1.2232,1.0335,29910884,581062207.42,68404277404.3,56090866048.9
2017-04-20,'002450,康得新,19.62,19.76,19.1,19.17,19.13,0.49,2.5614,1.7566,50841837,989482735.58,69251389198.7,56785489777.1
2017-04-19,'002450,康得新,19.13,19.32,18.88,19.23,19.17,-0.04,-0.2087,0.8313,24059674,459977962.9,67521869285.0,55367299665.4
2017-04-18,'002450,康得新,19.17,19.41,18.76,18.86,18.81,0.36,1.9139,1.2529,36262013,696111406.54,67663054584.1,55483070286.8
2017-04-17,'002450,康得新,18.81,18.95,18.57,18.61,18.63,0.18,0.9662,0.5687,16459749,309165467.65,66392386892.4,54441134694.5
2017-04-14,'002450,康得新,18.63,18.91,18.51,18.88,18.95,-0.32,-1.6887,1.065,30824027,575609862.11,65757053046.5,53920166898.4
2017-04-13,'002450,康得新,18.95,19.15,18.91,18.91,18.82,0.13,0.6908,0.5966,17262345,328322172.48,66870419430.6,54830215860.8
2017-04-12,'002450,康得新,18.82,19.13,18.71,18.76,18.8,0.02,0.1064,0.6212,17973819,340347810.84,66411677767.0,54454071899.7
2017-04-11,'002450,康得新,18.8,18.99,18.47,18.85,18.81,-0.01,-0.0532,1.0469,30290864,566159645.96,66341102126.4,54396203598.0
2017-04-10,'002450,康得新,18.81,19.21,18.8,19.2,19.02,-0.21,-1.1041,0.8148,23576505,446286737.68,66376389946.7,54425137748.8
2017-04-07,'002450,康得新,19.02,19.32,18.97,19.28,19.25,-0.23,-1.1948,0.8496,24582933,469672553.0,67117434172.6,55032754916.7
2017-04-06,'002450,康得新,19.25,19.39,19.16,19.21,19.21,0.04,0.2082,0.5105,14770563,284052208.85,67929054039.0,55698240386.2
2017-04-05,'002450,康得新,19.21,19.44,19.03,19.05,19.12,0.09,0.4707,0.8058,23313798,448894837.45,67787902757.9,55582503782.8
2017-03-31,'002450,康得新,19.12,19.17,18.67,18.93,18.91,0.21,1.1105,1.0226,29587544,558961938.29,67470312375.4,55322096425.2
2017-03-30,'002450,康得新,18.91,19.55,18.87,19.5,19.49,-0.58,-2.9759,1.0753,31112288,597528094.53,66729268149.5,54714479257.3
2017-03-29,'002450,康得新,19.49,19.75,19.43,19.51,19.5,-0.01,-0.0513,0.6954,20120331,393763796.03,68775961725.7,56392660006.7
2017-03-28,'002450,康得新,19.5,19.8,19.45,19.6,19.52,-0.02,-0.1025,0.7492,21678594,424829491.25,68811249546.0,56421594157.5
2017-03-27,'002450,康得新,19.52,19.92,19.5,19.75,19.75,-0.23,-1.1646,1.0346,29935045,589333487.68,68881825186.6,56479462459.2
2017-03-24,'002450,康得新,19.75,19.94,19.09,19.12,19.08,0.67,3.5115,2.2343,64647224,1269511564.31,69693445053.0,57144947928.8
2017-03-23,'002450,康得新,19.08,19.23,18.8,19.0,18.97,0.11,0.5799,0.913,26416586,502408087.01,67329161094.2,55206359821.8
2017-03-22,'002450,康得新,18.97,19.14,18.89,19.05,19.17,-0.2,-1.0433,0.6652,19246744,365383186.57,66940995071.2,54888084162.4
2017-03-21,'002450,康得新,19.17,19.18,18.89,18.97,18.97,0.2,1.0543,1.0423,30157224,573100456.18,67646751476.8,55466767179.4
2017-03-20,'002450,康得新,18.97,18.97,18.77,18.86,18.85,0.12,0.6366,0.8611,24913892,470201327.56,66940995071.2,54888084162.4
2017-03-17,'002450,康得新,18.85,19.35,18.81,19.11,19.1,-0.25,-1.3089,1.125,32550555,621625578.96,66517541227.8,54540874352.2
2017-03-16,'002450,康得新,19.1,19.4,18.98,19.4,19.29,-0.19,-0.985,1.1647,33698335,644770036.22,67399736734.8,55264228123.5
2017-03-15,'002450,康得新,19.29,19.45,19.16,19.22,19.26,0.03,0.1558,0.7459,21582654,416409070.65,68070205320.1,55813976989.7
2017-03-14,'002450,康得新,19.26,19.43,19.16,19.33,19.39,-0.13,-0.6704,0.9759,28236686,543888839.75,67964341859.3,55727174537.1
2017-03-13,'002450,康得新,19.39,19.56,18.93,19.07,19.05,0.34,1.7848,2.0776,60114662,1160432785.3,68423083522.9,56103318498.2
2017-03-10,'002450,康得新,19.05,19.09,18.5,18.51,18.48,0.57,3.0844,1.8693,54087851,1021330682.87,67223297633.4,55119557369.2
2017-03-09,'002450,康得新,18.48,18.56,18.36,18.49,18.48,0.0,0.0,0.6699,19384205,357265509.86,65211891877.4,53470310770.8
2017-03-08,'002450,康得新,18.48,18.8,18.45,18.59,18.55,-0.07,-0.3774,0.7846,22700724,421838515.21,65211891877.4,53470310770.8
2017-03-07,'002450,康得新,18.55,18.73,18.44,18.67,18.68,-0.13,-0.6959,0.7972,23065314,428323086.05,65458906619.4,53672849826.8
2017-03-06,'002450,康得新,18.68,18.86,18.58,18.78,18.66,0.02,0.1072,0.9291,26882742,502246343.57,65917648283.0,54048993787.8
2017-03-03,'002450,康得新,18.66,18.79,18.26,18.29,18.36,0.3,1.634,1.5036,43504849,807771295.72,65847072642.5,53991125486.1
2017-03-02,'002450,康得新,18.36,18.55,18.23,18.51,18.43,-0.07,-0.3798,0.8129,23520634,431630817.61,64788438034.1,53123100960.6
2017-03-01,'002450,康得新,18.43,18.52,18.09,18.17,18.14,0.29,1.5987,1.6998,49183399,903723169.85,65035452776.0,53325640016.6
2017-02-28,'002450,康得新,18.14,18.2,17.72,17.81,17.77,0.37,2.0822,1.4931,43201699,779362195.55,64012105987.9,52486549641.9
2017-02-27,'002450,康得新,17.77,17.94,17.74,17.88,17.88,-0.11,-0.6152,0.6787,19638778,350145149.49,62706456637.6,51415986060.4
2017-02-24,'002450,康得新,17.88,18.01,17.79,17.84,17.85,0.03,0.1681,0.7013,20259491,362648629.78,63014834358.6,51654473417.8
2017-02-23,'002450,康得新,17.85,18.03,17.75,17.99,17.98,-0.13,-0.723,0.81,23399319,417910854.85,62909104770.8,51567804838.2
2017-02-22,'002450,康得新,17.98,18.11,17.81,18.11,18.12,-0.14,-0.7726,1.1097,32058096,575393276.37,63367266318.1,51943368683.0
2017-02-21,'002450,康得新,18.12,18.15,18.01,18.1,18.05,0.07,0.3878,1.0296,29745534,537714789.9,63860671061.4,52347822054.2
2017-02-20,'002450,康得新,18.05,18.35,17.95,18.21,18.1,-0.05,-0.2762,1.1868,34285071,620381072.47,63613968689.8,52145595368.6
2017-02-17,'002450,康得新,18.1,18.42,18.0,18.09,18.09,0.01,0.0553,0.976,28196143,513826249.03,63790184669.5,52290043001.2
2017-02-16,'002450,康得新,18.09,18.13,17.77,17.93,17.83,0.26,1.4582,0.8693,25113799,452234873.23,63754941473.6,52261153474.7
2017-02-15,'002450,康得新,17.83,18.06,17.72,17.75,17.7,0.13,0.7345,1.1785,34045186,609877875.08,62838618378.8,51510025785.2
2017-02-14,'002450,康得新,17.7,17.71,17.53,17.59,17.68,0.02,0.1131,0.714,20627426,363714775.55,62380456831.5,51134461940.4
2017-02-13,'002450,康得新,17.68,17.96,17.62,17.96,17.96,-0.28,-1.559,1.5258,44079184,780847820.73,62309970439.6,51076682887.4
2017-02-10,'002450,康得新,17.96,18.13,17.9,18.12,18.1,-0.14,-0.7735,0.4958,14323151,258049645.29,63296779926.2,51885589629.9
2017-02-09,'002450,康得新,18.1,18.15,17.99,18.03,18.05,0.05,0.277,0.5553,16041424,290104597.05,63790184669.5,52290043001.2
2017-02-08,'002450,康得新,18.05,18.1,17.83,18.05,18.08,-0.03,-0.1659,0.4051,11704177,210207816.54,63613968689.8,52145595368.6
2017-02-07,'002450,康得新,18.08,18.29,18.0,18.22,18.14,-0.06,-0.3308,0.3969,11465483,207895538.46,63719698277.6,52232263948.2
2017-02-06,'002450,康得新,18.14,18.17,18.0,18.01,18.02,0.12,0.6659,0.2974,8590604,155516448.69,63931157453.3,52405601107.3
2017-02-03,'002450,康得新,18.02,18.12,17.87,18.0,17.95,0.07,0.39,0.2611,7544132,135834680.4,63508239101.9,52058926789.0
2017-01-26,'002450,康得新,17.95,18.06,17.86,17.94,17.85,0.1,0.5602,0.2968,8573178,154076293.52,63261536730.2,51856700103.4
2017-01-25,'002450,康得新,17.85,17.97,17.77,17.92,17.81,0.04,0.2246,0.2916,8424235,150609219.04,62909104770.8,51567804838.2
2017-01-24,'002450,康得新,17.81,18.02,17.8,17.99,17.97,-0.16,-0.8904,0.3601,10404031,185863218.99,62768131986.9,51452246732.1
2017-01-23,'002450,康得新,17.97,18.14,17.7,17.76,17.78,0.19,1.0686,0.4072,11763223,211550075.35,63332023122.2,51914479156.4
2017-01-20,'002450,康得新,17.78,17.93,17.46,17.52,17.52,0.26,1.484,0.5347,15446485,274005924.02,62662402399.1,51365578152.6
2017-01-19,'002450,康得新,17.52,17.66,17.45,17.56,17.6,-0.08,-0.4545,0.2665,7698093,135203821.08,61746079304.4,50614450463.0
2017-01-18,'002450,康得新,17.6,17.74,17.44,17.63,17.66,-0.06,-0.3398,0.3454,9977479,175386434.91,62028024872.0,50845566675.2
2017-01-17,'002450,康得新,17.66,17.67,17.26,17.45,17.45,0.21,1.2034,0.6046,17467214,305117460.43,62239484047.7,51018903834.3
2017-01-16,'002450,康得新,17.45,17.98,17.0,17.82,18.0,-0.55,-3.0556,0.9697,28014409,491679969.38,61499376932.8,50412223777.4
2017-01-13,'002450,康得新,18.0,18.22,17.9,18.18,18.18,-0.18,-0.9901,0.591,17073740,307942603.32,63437752710.0,52001147736.0
2017-01-12,'002450,康得新,18.18,18.72,18.17,18.67,18.62,-0.44,-2.3631,0.727,21004092,385823758.71,64072130237.1,52521159213.4
2017-01-11,'002450,康得新,18.62,18.82,18.58,18.65,18.62,0.0,0.0,0.4395,12697416,237136967.34,65622830858.9,53792298380.2
2017-01-10,'002450,康得新,18.62,18.88,18.62,18.83,18.72,-0.1,-0.5342,0.5788,16720373,313266695.13,65622830858.9,53792298380.2
2017-01-09,'002450,康得新,18.72,18.85,18.53,18.68,18.55,0.17,0.9164,0.6339,18313169,341653405.15,65975262818.4,54081193645.4
2017-01-06,'002450,康得新,18.55,19.0,18.55,19.0,19.0,-0.45,-2.3684,1.0578,30559317,571472224.3,65376128487.2,53590071694.6
2017-01-05,'002450,康得新,19.0,19.25,19.0,19.25,19.21,-0.21,-1.0932,0.7618,22007003,419895205.08,66962072305.0,54890100388.0
2017-01-04,'002450,康得新,19.21,19.28,19.08,19.23,19.12,0.09,0.4707,0.9005,26016125,499176457.91,67702179419.9,55496780444.9
2017-01-03,'002450,康得新,19.12,19.24,19.05,19.2,19.11,0.01,0.0523,0.6654,19223026,367742131.84,67384990656.4,55236774706.2
2016-12-30,'002450,康得新,19.11,19.26,18.9,18.91,18.81,0.3,1.5949,1.3825,39939184,762424435.12,67349747460.4,55207885179.7
2016-12-29,'002450,康得新,18.81,19.0,18.63,19.0,18.99,-0.18,-0.9479,0.9813,28348212,531930983.1,66292451581.9,54341199384.1
2016-12-28,'002450,康得新,18.99,19.05,18.61,18.66,18.65,0.34,1.8231,1.0542,30455730,575381005.96,66926829109.1,54861210861.5
2016-12-27,'002450,康得新,18.65,18.92,18.61,18.74,18.8,-0.15,-0.7979,0.7379,21317945,399684139.23,65728560446.8,53878966959.8
2016-12-26,'002450,康得新,18.8,19.19,18.5,19.0,19.02,-0.22,-1.1567,0.877,25336507,474400770.24,66257208386.0,54312309857.6
2016-12-23,'002450,康得新,19.02,19.29,18.71,18.79,18.82,0.2,1.0627,1.087,31401729,599422340.73,67032558696.9,54947879441.0
2016-12-22,'002450,康得新,18.82,19.16,18.78,19.08,19.04,-0.22,-1.1555,0.6215,17955258,339697381.84,66327694777.9,54370088910.6
2016-12-21,'002450,康得新,19.04,19.2,18.66,18.82,18.8,0.24,1.2766,0.9226,26653010,505161891.71,67103045088.8,55005658494.1
2016-12-20,'002450,康得新,18.8,19.35,18.72,19.28,19.26,-0.46,-2.3884,1.3329,38505701,731151164.68,66257208386.0,54312309857.6
2016-12-19,'002450,康得新,19.26,19.29,19.04,19.18,19.2,0.06,0.3125,0.8207,23708212,453818003.8,67878395399.7,55641228077.5
2016-12-16,'002450,康得新,19.2,19.4,19.06,19.25,19.22,-0.02,-0.1041,1.199,34638067,664600718.22,67666936224.0,55467890918.4
2016-12-15,'002450,康得新,19.22,19.65,19.14,19.42,19.46,-0.24,-1.2333,1.1123,32134206,621936762.83,67737422615.9,55525669971.4
2016-12-14,'002450,康得新,19.46,19.78,18.98,19.68,19.82,-0.36,-1.8163,1.9419,56099651,1084425144.77,68583259318.7,56219018607.9
2016-12-13,'002450,康得新,19.82,19.93,19.31,19.68,19.8,0.02,0.101,1.4374,41525579,815834937.88,69852014372.9,57259041562.6
2016-12-12,'002450,康得新,19.8,20.48,19.51,20.4,20.58,-0.78,-3.7901,2.7847,80447770,1597978710.0,69781527981.0,57201262509.6
2016-12-09,'002450,康得新,20.58,21.0,20.26,20.78,21.0,-0.42,-2.0,2.4871,71852333,1479067866.52,72530497265.1,59454645578.2
2016-12-08,'002450,康得新,21.0,21.26,19.6,19.6,19.63,1.37,6.9791,5.1204,147926215,3025203372.42,74010711495.0,60668005692.0
2016-12-07,'002450,康得新,19.63,19.74,19.24,19.41,19.52,0.11,0.5635,2.1945,63398214,1237598071.27,69182393649.9,56710140558.8
2016-12-06,'002450,康得新,19.52,19.7,19.09,19.16,19.09,0.43,2.2525,2.4222,69975715,1359541067.53,68794718494.4,56392355767.0
2016-12-05,'002450,康得新,19.09,20.0,18.92,19.28,18.6,0.49,2.6344,3.4058,98392642,1902360500.57,67279261068.6,55150106126.7
2016-12-02,'002450,康得新,18.6,18.79,18.28,18.44,18.46,0.14,0.7584,1.7541,50676177,941713103.13,65552344467.0,53734519327.2
2016-12-01,'002450,康得新,18.46,18.47,17.97,17.98,17.98,0.48,2.6696,1.5431,44578937,813830103.2,65058939723.7,53330065955.9
2016-11-30,'002450,康得新,17.98,18.14,17.81,17.9,17.95,0.03,0.1671,1.2943,37392220,674188878.61,63367266318.1,51943368683.0
2016-11-29,'002450,康得新,17.95,18.03,17.77,18.0,18.03,-0.08,-0.4437,1.1753,33953132,606800884.57,63261536730.2,51856700103.4
2016-11-28,'002450,康得新,18.03,18.29,18.03,18.27,18.2,-0.17,-0.9341,0.9169,26488569,480199106.6,63543482297.8,52087816315.6
2016-11-25,'002450,康得新,18.2,18.39,18.0,18.26,18.23,-0.03,-0.1646,0.9144,26415602,478176962.14,64142616629.0,52578938266.4
2016-11-24,'002450,康得新,18.23,18.45,18.14,18.29,18.38,-0.15,-0.8161,0.9716,28069234,512779219.47,64248346216.8,52665606846.0
2016-11-23,'002450,康得新,18.38,18.38,18.0,18.34,18.35,0.03,0.1635,1.7709,51159333,930269751.64,64776994156.1,53098949743.8
2016-11-22,'002450,康得新,18.35,18.62,18.14,18.36,18.36,-0.01,-0.0545,1.5931,46024081,845277990.66,64671264568.2,53012281164.2
2016-11-21,'002450,康得新,18.36,18.5,18.04,18.24,18.27,0.09,0.4926,2.1002,60674286,1108453771.04,64706507764.2,53041170690.7
2016-11-18,'002450,康得新,18.27,18.31,17.97,18.21,18.2,0.07,0.3846,1.8655,53892255,977437868.91,64389319000.7,52781164952.0
2016-11-17,'002450,康得新,18.2,18.22,17.2,17.84,17.84,0.36,2.0179,2.0257,58521047,1053945647.9,64142616629.0,52578938266.4
2016-11-16,'002450,康得新,17.84,17.93,17.38,17.42,17.36,0.48,2.765,2.2053,63708842,1130355943.05,62873861574.8,51538915311.7
2016-11-15,'002450,康得新,17.36,17.45,17.07,17.16,17.19,0.17,0.9889,0.9635,27834358,479477033.02,61182188169.2,50152218038.7
2016-11-14,'002450,康得新,17.19,17.25,17.05,17.08,17.12,0.07,0.4089,1.2471,36029383,619821696.25,60583053838.1,49661096087.9
2016-11-11,'002450,康得新,17.12,17.3,16.9,17.2,17.16,-0.04,-0.2331,1.203,34752865,593297139.86,60336351466.4,49458869402.2
2016-11-10,'002450,康得新,17.16,17.28,17.08,17.15,17.03,0.13,0.7634,0.7059,20394379,350225560.79,60477324250.2,49574427508.3
2016-11-09,'002450,康得新,17.03,17.26,16.88,17.2,17.26,-0.23,-1.3326,1.0388,30009660,511469173.7,60019162702.8,49198863663.6
2016-11-08,'002450,康得新,17.26,17.39,17.18,17.39,17.28,-0.02,-0.1157,0.8251,23836093,411425029.91,60829756209.7,49863322773.5
2016-11-07,'002450,康得新,17.28,17.32,17.06,17.2,17.1,0.18,1.0526,1.029,29726350,512220320.24,60900242601.6,49921101826.6
2016-11-04,'002450,康得新,17.1,17.42,17.09,17.34,17.35,-0.25,-1.4409,0.9878,28538097,492813180.43,60265865074.5,49401090349.2
2016-11-03,'002450,康得新,17.35,17.48,17.25,17.41,17.45,-0.1,-0.5731,1.2801,36982209,642060605.44,61146944973.2,50123328512.2
2016-11-02,'002450,康得新,17.45,17.82,17.44,17.8,17.75,-0.3,-1.6901,1.0279,29696077,522007454.14,61499376932.8,50412223777.4
2016-11-01,'002450,康得新,17.75,17.79,17.63,17.66,17.61,0.14,0.795,0.4161,12020878,213094758.02,62556672811.2,51278909573.0
2016-10-31,'002450,康得新,17.61,17.84,17.58,17.71,17.84,-0.23,-1.2892,0.7044,20349319,359831636.27,62063268067.9,50874456201.7
2016-10-28,'002450,康得新,17.84,18.07,17.84,17.93,17.93,-0.09,-0.502,0.5561,16065201,288014805.57,62873861574.8,51538915311.7
2016-10-27,'002450,康得新,17.93,18.05,17.84,17.97,17.96,-0.03,-0.167,0.5034,14542292,261044457.53,63191050338.3,51798921050.4
2016-10-26,'002450,康得新,17.96,18.2,17.84,18.15,18.16,-0.2,-1.1013,0.6954,20090673,361478497.44,63296779926.2,51885589629.9
2016-10-25,'002450,康得新,18.16,18.27,18.09,18.11,18.08,0.08,0.4425,0.5671,16382049,297747254.56,64001643845.2,52463380160.3
2016-10-24,'002450,康得新,18.08,18.21,18.02,18.05,17.86,0.22,1.2318,0.8255,23848798,432453087.53,63719698277.6,52232263948.2
2016-10-21,'002450,康得新,17.86,18.05,17.75,18.03,17.97,-0.11,-0.6121,0.756,21790561,389318355.76,57576677044.6,51481964618.0
2016-10-20,'002450,康得新,17.97,18.06,17.91,18.05,18.03,-0.06,-0.3328,0.6298,18153416,326244418.98,57931292636.7,51799042787.6
2016-10-19,'002450,康得新,18.03,18.24,17.99,18.18,18.12,-0.09,-0.4967,0.5902,17013653,307796238.51,58124719323.3,51971994516.4
2016-10-18,'002450,康得新,18.12,18.14,17.88,17.95,17.9,0.22,1.2291,0.6639,19137742,344901331.95,58414859353.2,52231422109.7
2016-10-17,'002450,康得新,17.9,18.39,17.85,18.12,18.1,-0.2,-1.105,0.9563,27565079,499885370.72,57705628169.0,51597265770.6
2016-10-14,'002450,康得新,18.1,18.25,18.02,18.23,18.25,-0.15,-0.8219,0.9292,26784571,484440283.0,58350383791.0,52173771533.4
2016-10-13,'002450,康得新,18.25,18.45,18.25,18.33,18.38,-0.13,-0.7073,0.5986,17256125,316130781.35,58833950507.5,52606150855.5
2016-10-12,'002450,康得新,18.38,18.5,18.21,18.28,18.38,0.0,0.0,0.6889,19856704,364712031.14,59253041661.8,52980879601.3
2016-10-11,'002450,康得新,18.38,18.57,18.26,18.38,18.37,0.01,0.0544,0.698,20119610,369733699.98,59253041661.8,52980879601.3
2016-10-10,'002450,康得新,18.37,18.46,18.1,18.21,18.08,0.29,1.604,0.8813,25404638,464647474.51,59220803880.7,52952054313.2
2016-09-30,'002450,康得新,18.08,18.17,18.02,18.08,18.05,0.03,0.1662,0.6354,18314600,331242933.46,58285908228.8,52116120957.1
2016-09-29,'002450,康得新,18.05,18.26,17.97,18.07,18.05,0.0,0.0,0.8164,23533018,426109500.48,58189194885.5,52029645092.7
2016-09-28,'002450,康得新,18.05,18.15,18.02,18.08,18.08,-0.03,-0.1659,0.5067,14605338,264094320.73,58189194885.5,52029645092.7
2016-09-27,'002450,康得新,18.08,18.23,17.9,18.16,18.29,-0.21,-1.1482,1.1965,34489675,622068172.63,58285908228.8,52116120957.1
2016-09-26,'002450,康得新,18.29,18.45,18.04,18.37,18.36,-0.07,-0.3813,1.3442,38746392,705663384.49,58962901631.9,52721452008.1
2016-09-23,'002450,康得新,18.36,18.51,18.21,18.48,18.45,-0.09,-0.4878,0.9062,26121475,478403491.36,59188566099.6,52923229025.0
2016-09-22,'002450,康得新,18.45,18.57,18.28,18.36,18.27,0.18,0.9852,0.8599,24787128,456782683.52,59478706129.5,53182656618.3
2016-09-21,'002450,康得新,18.27,18.55,18.25,18.55,18.56,-0.29,-1.5625,0.9312,26840898,492535940.26,58898426069.7,52663801431.8
2016-09-20,'002450,康得新,18.56,18.6,18.35,18.5,18.41,0.15,0.8148,0.985,28391510,524341518.3,59833321721.6,53499734787.8
2016-09-19,'002450,康得新,18.41,18.62,18.34,18.41,18.39,0.02,0.1088,1.1375,32787957,605466066.47,59349755005.1,53067355465.7
2016-09-14,'002450,康得新,18.39,18.73,18.26,18.73,18.9,-0.51,-2.6984,1.8405,53052718,979585503.15,59285279442.9,53009704889.5
2016-09-13,'002450,康得新,18.9,18.97,18.15,18.3,18.2,0.7,3.8462,2.7127,78194414,1457953161.0,60929406279.0,54479794584.6
2016-09-12,'002450,康得新,18.2,18.88,18.2,18.3,18.58,-0.38,-2.0452,2.4224,69826781,1292265610.55,58672761602.0,52462024414.8
2016-09-09,'002450,康得新,18.58,18.79,18.12,18.18,18.18,0.4,2.2002,3.0053,86628576,1602363151.14,59897797283.8,53557385364.1
2016-09-08,'002450,康得新,18.18,18.37,17.88,17.98,17.9,0.28,1.5642,1.3774,39704800,720549039.25,58608286039.8,52404373838.5
2016-09-07,'002450,康得新,17.9,18.15,17.87,18.1,18.05,-0.15,-0.831,0.9674,27884475,501591630.98,57705628169.0,51597265770.6
2016-09-06,'002450,康得新,18.05,18.08,17.63,17.8,17.82,0.23,1.2907,1.1361,32749225,585888215.01,58189194885.5,52029645092.7
2016-09-05,'002450,康得新,17.82,18.05,17.78,17.85,17.79,0.03,0.1686,0.7398,21323892,381863677.02,57447725920.2,51366663465.5
2016-09-02,'002450,康得新,17.79,17.99,17.72,17.9,17.97,-0.18,-1.0017,0.9362,26985891,481524303.29,57351012576.9,51280187601.1
2016-09-01,'002450,康得新,17.97,18.14,17.97,18.06,18.06,-0.09,-0.4983,0.8718,25129093,453319599.96,57931292636.7,51799042787.6
2016-08-31,'002450,康得新,18.06,18.3,17.9,18.21,18.27,-0.21,-1.1494,1.3481,38859518,703245812.76,58221432666.6,52058470380.8
2016-08-30,'002450,康得新,18.27,18.42,18.02,18.26,18.23,0.04,0.2194,1.3352,38488608,701929105.05,58898426069.7,52663801431.8
2016-08-29,'002450,康得新,18.23,18.39,18.09,18.27,18.27,-0.04,-0.2189,1.0431,30067967,547892315.42,58769474945.3,52548500279.2
2016-08-26,'002450,康得新,18.27,18.43,17.97,18.13,18.15,0.12,0.6612,1.93,55634195,1011301868.99,58898426069.7,52663801431.8
2016-08-25,'002450,康得新,18.15,18.41,17.52,17.66,17.7,0.45,2.5424,2.3644,68153393,1228953847.07,58511572696.5,52317897974.1
2016-08-24,'002450,康得新,17.7,17.86,17.54,17.69,17.84,-0.14,-0.7848,1.0956,31580308,558163828.4,57060872547.0,51020760007.8
2016-08-23,'002450,康得新,17.84,17.93,17.63,17.85,17.62,0.22,1.2486,0.9098,26189566,465282526.55,57440391807.4,51352504366.7
2016-08-22,'002450,康得新,17.62,18.06,17.62,18.0,18.13,-0.51,-2.813,1.3536,38963475,693451405.37,56732046168.5,50719233573.0
2016-08-19,'002450,康得新,18.13,18.24,17.33,17.46,17.46,0.67,3.8373,2.5603,73699756,1316400397.52,58374120149.5,52187270413.0
2016-08-18,'002450,康得新,17.46,17.89,17.41,17.75,17.78,-0.32,-1.7998,1.2247,35253488,620010358.48,56216885703.8,50258672995.7
2016-08-17,'002450,康得新,17.78,17.84,17.62,17.7,17.7,0.08,0.452,0.8254,23760392,420982879.99,57247206633.1,51179794150.2
2016-08-16,'002450,康得新,17.7,17.92,17.65,17.84,17.76,-0.06,-0.3378,1.0536,30326858,539097868.39,56989626400.8,50949513861.6
2016-08-15,'002450,康得新,17.76,17.85,17.3,17.45,17.5,0.26,1.4857,1.5103,43475011,767674450.81,57182811575.0,51122224078.1
2016-08-12,'002450,康得新,17.5,17.53,17.24,17.25,17.28,0.22,1.2731,0.6468,18618387,323082167.74,56345675820.0,50373813140.0
2016-08-11,'002450,康得新,17.28,17.6,17.28,17.57,17.53,-0.25,-1.4261,1.0531,30312509,527912455.95,55637330181.1,49740542346.2
2016-08-10,'002450,康得新,17.53,17.95,17.53,17.94,17.94,-0.41,-2.2854,1.3541,38978500,689809493.01,56442268407.1,50460168248.2
2016-08-09,'002450,康得新,17.94,17.96,17.55,17.61,17.62,0.32,1.8161,1.3589,39115909,697795646.92,57762367097.8,51640354727.5
2016-08-08,'002450,康得新,17.62,17.72,17.35,17.44,17.48,0.14,0.8009,0.9484,27300800,478985722.11,56732046168.5,50719233573.0
2016-08-05,'002450,康得新,17.48,17.7,17.47,17.65,17.73,-0.25,-1.41,0.739,21272267,373794618.87,56281280761.9,50316243067.8
2016-08-04,'002450,康得新,17.73,17.83,17.52,17.68,17.64,0.09,0.5102,0.738,21243060,375887294.41,57086218987.9,51035868969.8
2016-08-03,'002450,康得新,17.64,17.65,17.42,17.45,17.44,0.2,1.1468,0.7877,22673793,398403867.23,56796441226.6,50776803645.1
2016-08-02,'002450,康得新,17.44,17.55,17.32,17.36,17.36,0.08,0.4608,0.5579,16058773,279702882.08,56152490645.8,50201102923.5
2016-08-01,'002450,康得新,17.36,17.88,17.25,17.88,17.96,-0.6,-3.3408,1.2908,37156401,647839980.1,55894910413.4,49970822634.9
2016-07-29,'002450,康得新,17.96,18.47,17.91,18.32,18.35,-0.39,-2.1253,1.1106,31968710,579317068.46,57826762155.8,51697924799.7
2016-07-28,'002450,康得新,18.35,18.42,17.7,17.9,17.87,0.48,2.6861,1.9967,57476122,1036957382.1,59082465788.4,52820541206.8
2016-07-27,'002450,康得新,17.87,18.75,17.75,18.73,18.72,-0.85,-4.5406,2.3932,68889342,1250578804.85,57536984394.5,51438859475.0
2016-07-26,'002450,康得新,18.72,18.93,18.46,18.93,18.92,-0.2,-1.0571,1.8699,53823831,1002310416.55,60273774362.9,53885587541.8
2016-07-25,'002450,康得新,18.92,19.03,17.93,17.96,17.98,0.94,5.228,3.4381,98967187,1842423055.74,60917724943.7,54461288263.4
2016-07-22,'002450,康得新,17.98,18.34,17.85,17.89,17.89,0.09,0.5031,1.3843,39846148,721377245.85,57891157213.9,51755494871.8
2016-07-21,'002450,康得新,17.89,18.15,17.84,18.0,18.0,-0.11,-0.6111,1.0617,30562273,549365977.08,57601379452.6,51496429547.1
2016-07-20,'002450,康得新,18.0,18.22,17.88,18.2,18.17,-0.17,-0.9356,1.0813,31124885,560142365.27,57955552272.0,51813064944.0
2016-07-19,'002450,康得新,18.17,18.28,17.93,17.94,17.92,0.25,1.3951,1.3196,37983446,686499718.57,58502910265.7,52302410557.4
2016-07-18,'002450,康得新,17.92,18.11,17.73,18.06,18.15,-0.23,-1.2672,1.3599,39146151,700226138.29,57697972039.7,51582784655.4
2016-07-15,'002450,康得新,18.15,18.54,18.05,18.48,18.39,-0.24,-1.3051,1.0869,31287613,570012967.54,58438515207.6,52244840485.2
2016-07-14,'002450,康得新,18.39,18.7,18.23,18.36,18.43,-0.04,-0.217,1.2262,35295657,650978473.02,59211255904.6,52935681351.1
2016-07-13,'002450,康得新,18.43,18.88,18.34,18.47,18.39,0.04,0.2175,2.2404,64489850,1197882462.13,59340046020.7,53050821495.4
2016-07-12,'002450,康得新,18.39,18.49,17.81,17.95,18.0,0.39,2.1667,1.9553,56282477,1022147017.43,59211255904.6,52935681351.1
2016-07-11,'002450,康得新,18.0,18.45,17.87,18.2,18.19,-0.19,-1.0445,2.5494,73385194,1334448365.97,57955552272.0,51813064944.0
2016-07-08,'002450,康得新,18.19,18.37,17.37,17.41,17.37,0.82,4.7208,3.6966,106406541,1916645986.88,58567305323.8,52359980629.5
2016-07-07,'002450,康得新,17.37,17.46,17.11,17.18,17.2,0.17,0.9884,1.3096,37697649,653515247.54,55927107942.5,49999607671.0
2016-07-06,'002450,康得新,17.2,17.27,17.07,17.26,17.31,-0.11,-0.6355,1.1239,32351989,555118449.62,55379749948.8,49510262057.6
2016-07-05,'002450,康得新,17.31,17.55,17.22,17.45,17.48,-0.17,-0.9725,1.2092,34806236,603399097.52,55733922768.2,49826897454.5
2016-07-04,'002450,康得新,17.48,17.56,16.93,16.93,17.05,0.43,2.522,2.1072,60656939,1048148352.17,56281280761.9,50316243067.8
2016-07-01,'002450,康得新,17.05,17.22,16.95,17.12,17.1,-0.05,-0.2924,1.1584,33345014,569137197.95,54896787013.2,49078486516.4
2016-06-30,'002450,康得新,17.1,17.33,16.98,17.26,17.25,-0.15,-0.8696,1.494,43004457,735020021.44,55057774658.4,49222411696.8
2016-06-29,'002450,康得新,17.25,17.48,17.11,17.25,17.24,0.01,0.058,1.4573,41949131,725412003.48,55540737594.0,49654187238.0
2016-06-28,'002450,康得新,17.24,17.37,16.99,17.31,17.45,-0.21,-1.2034,2.1458,61766141,1059486118.85,55508540065.0,49625402201.9
2016-06-27,'002450,康得新,17.45,17.5,17.15,17.16,17.15,0.3,1.7493,1.4157,40750690,707354469.21,56184688174.8,50229887959.6
2016-06-24,'002450,康得新,17.15,17.8,16.88,17.56,17.56,-0.41,-2.3349,2.0413,58758258,1013914552.12,55218762303.6,49366336877.2
2016-06-23,'002450,康得新,17.56,17.95,17.44,17.9,17.99,-0.43,-2.3902,1.8518,53305351,939028859.53,56538860994.2,50546523356.5
2016-06-22,'002450,康得新,17.99,18.23,17.31,17.64,17.52,0.47,2.6826,2.4167,69565849,1242102430.0,57923354743.0,51784279907.9
2016-06-21,'002450,康得新,17.52,17.95,17.03,17.23,16.96,0.56,3.3019,3.3017,95040550,1668753936.54,56410070878.1,50431383212.2
2016-06-20,'002450,康得新,16.96,17.14,16.69,16.89,16.76,0.2,1.1933,1.3174,37920752,640405511.34,54607009251.8,48819421191.7
2016-06-17,'002450,康得新,16.76,17.27,16.69,16.95,16.95,-0.19,-1.1209,1.2758,36724376,620907832.06,53963058671.0,48243720470.1
2016-06-16,'002450,康得新,16.95,17.27,16.7,16.9,16.79,0.16,0.9529,1.6234,46729929,795116764.44,54574811722.8,48790636155.6
2016-06-15,'002450,康得新,16.79,16.93,16.05,16.12,16.28,0.51,3.1327,1.3926,40086042,669092681.13,54059651258.2,48330075578.3
2016-06-14,'002450,康得新,16.28,16.68,16.04,16.07,15.99,0.29,1.8136,0.9723,27988494,456101625.13,52417577277.1,46862038738.2
2016-06-13,'002450,康得新,15.99,16.85,15.91,16.75,16.95,-0.96,-5.6637,1.4364,41347616,679794479.31,51483848935.0,46027272691.9
2016-06-08,'002450,康得新,16.95,17.14,16.73,16.94,16.91,0.04,0.2365,1.1015,31707748,537698580.61,54574811722.8,48790636155.6
2016-06-07,'002450,康得新,16.91,17.22,16.77,17.22,17.22,-0.31,-1.8002,1.0975,31590308,536259766.2,54446021606.6,48675496011.3
2016-06-06,'002450,康得新,17.22,17.44,16.91,17.28,17.13,0.09,0.5254,1.4827,42679591,731699886.04,55444145006.9,49567832129.8
2016-06-03,'002450,康得新,17.13,17.54,16.92,16.92,16.84,0.29,1.7221,2.1063,60629918,1045912408.7,55154367245.5,49308766805.0
2016-06-02,'002450,康得新,16.84,17.05,16.4,16.57,16.6,0.24,1.4458,1.7377,50019764,840809028.91,54220638903.4,48474000758.7
2016-06-01,'002450,康得新,33.26,33.6,32.99,33.1,32.98,0.28,0.849,1.5874,22863013,761680163.33,53582443247.4,47903445023.7
2016-05-31,'002450,康得新,32.98,33.08,31.8,31.91,31.79,1.19,3.7433,1.7191,24760291,808446432.85,53131358337.3,47500168878.0
2016-05-30,'002450,康得新,31.79,32.45,31.66,32.25,32.64,-0.85,-2.6042,1.1903,17143089,548060268.72,51214247469.4,45786245258.7
2016-05-27,'002450,康得新,32.64,32.9,31.86,32.51,32.48,0.16,0.4926,1.1541,16622209,537552548.49,52583612375.0,47010476415.4
2016-05-26,'002450,康得新,32.48,33.18,31.67,32.87,32.85,-0.37,-1.1263,1.112,16015462,516286349.03,52325849569.3,46780032903.5
2016-05-25,'002450,康得新,32.85,33.29,32.5,33.21,32.9,-0.05,-0.152,0.9277,13361079,439643011.51,52921926057.6,47312933524.7
2016-05-24,'002450,康得新,32.9,33.81,32.85,33.8,33.74,-0.84,-2.4896,0.889,12803833,424381835.21,53002476934.4,47384947122.1
2016-05-23,'002450,康得新,33.74,34.03,33.13,33.38,33.1,0.64,1.9335,1.2417,17883315,602388251.82,54355731664.6,48594775559.3
2016-05-20,'002450,康得新,33.1,33.18,32.2,32.5,32.74,0.36,1.0996,0.647,9318596,306040232.46,53324680441.6,47673001511.9
2016-05-19,'002450,康得新,32.74,33.47,32.5,32.66,32.49,0.25,0.7695,0.812,11694479,386160692.64,52744714128.6,47154503610.3
2016-05-18,'002450,康得新,32.49,33.57,32.02,33.4,33.81,-1.32,-3.9042,1.4213,20469910,670442565.16,52341959744.6,46794435623.0
2016-05-17,'002450,康得新,33.81,34.8,33.8,34.56,34.51,-0.7,-2.0284,1.4264,20544640,705137051.55,54468502892.2,48695594595.7
2016-05-16,'002450,康得新,34.51,34.56,32.69,33.08,33.13,1.38,4.1654,1.1776,16961058,568247123.07,55596215167.4,49703784960.0
2016-05-13,'002450,康得新,33.13,33.84,32.96,33.2,33.25,-0.12,-0.3609,0.6877,9905374,330346584.9,53373010967.7,47716209670.4
2016-05-12,'002450,康得新,33.25,33.68,32.2,32.35,32.8,0.45,1.372,1.0813,15573251,515964740.25,53566333072.0,47889042304.2
2016-05-11,'002450,康得新,32.8,33.45,32.8,33.0,32.74,0.06,0.1833,0.808,11637572,385562633.88,52841375180.8,47240919927.2
2016-05-10,'002450,康得新,32.74,33.49,32.5,33.1,33.19,-0.45,-1.3558,0.8884,12795416,420655027.99,52744714128.6,47154503610.3
2016-05-09,'002450,康得新,33.19,33.9,32.85,33.0,33.2,-0.01,-0.0301,1.4357,20677969,688886424.29,53469672019.8,47802625987.3
2016-05-06,'002450,康得新,33.2,35.15,33.01,34.89,34.85,-1.65,-4.7346,2.0939,30158214,1027631592.55,53485782195.2,47817028706.8
2016-05-05,'002450,康得新,34.85,35.7,34.45,35.58,35.54,-0.69,-1.9415,1.8395,26493884,923217925.14,56143961129.6,50193477422.7
2016-05-04,'002450,康得新,35.54,36.5,35.29,35.63,35.33,0.21,0.5944,2.0558,29608838,1061038709.87,57255563229.4,51187265067.5
2016-05-03,'002450,康得新,35.33,35.5,34.02,34.02,33.97,1.36,4.0035,1.197,17240314,604131258.1,56917249546.9,50884807958.2
2016-04-29,'002450,康得新,33.97,34.26,33.43,33.63,33.35,0.62,1.8591,1.0561,15210799,517171320.36,54726265697.9,48926038107.5
2016-04-28,'002450,康得新,33.35,34.16,32.8,33.64,33.69,-0.34,-1.0092,1.0552,15197124,508218810.75,53723986869.2,48029621542.7
2016-04-27,'002450,康得新,33.69,34.2,32.26,32.46,32.37,1.32,4.0778,1.4997,21597522,718002386.21,54271697679.8,48519278853.8
2016-04-26,'002450,康得新,32.37,32.49,31.81,32.2,32.29,0.08,0.2478,0.8134,11713908,376522413.82,52145291003.1,46618256351.9
2016-04-25,'002450,康得新,32.29,32.6,31.9,32.18,32.15,0.14,0.4355,0.9345,13457774,433351561.48,52016417871.2,46503042867.0
2016-04-22,'002450,康得新,32.15,32.89,31.53,32.5,32.52,-0.37,-1.1378,1.3835,19924026,638329739.67,51790889890.3,46301419268.3
2016-04-21,'002450,康得新,32.52,33.32,32.5,32.78,32.86,-0.34,-1.0347,1.0386,14958125,492358864.19,52386928125.5,46834281636.2
2016-04-20,'002450,康得新,32.86,35.12,32.4,35.03,34.94,-2.08,-5.9531,1.5636,22518639,754311695.59,52934638936.1,47323938947.3
2016-04-19,'002450,康得新,34.94,35.18,34.16,34.65,34.39,0.55,1.5993,1.1442,16478072,570484083.97,56285340366.1,50319489556.3
2016-04-18,'002450,康得新,34.39,35.65,34.2,35.65,35.76,-1.37,-3.8311,1.399,20148521,698854624.04,55399337584.1,49527396847.2
2016-04-15,'002450,康得新,35.76,36.1,35.4,35.99,35.84,-0.08,-0.2232,0.682,9821642,349855527.69,57606289968.2,51500427777.1
2016-04-14,'002450,康得新,35.84,36.0,35.2,35.69,35.47,0.37,1.0431,0.9027,13000272,463175030.0,57735163100.2,51615641262.1
2016-04-13,'002450,康得新,35.47,36.21,35.35,35.72,35.53,-0.06,-0.1689,1.2619,18173737,651877762.4,57139124865.0,51082778894.1
2016-04-12,'002450,康得新,35.53,36.45,35.2,35.86,35.8,-0.27,-0.7542,0.9583,13801725,492644709.95,57235779714.0,51169189007.9
2016-04-11,'002450,康得新,35.8,36.67,35.7,36.3,35.65,0.15,0.4208,1.1928,17177705,618575566.81,57670726534.2,51558034519.6
2016-04-08,'002450,康得新,35.65,36.15,35.18,35.55,35.73,-0.08,-0.2239,1.3229,19052296,677733390.21,57429089411.8,51342009235.3
2016-04-07,'002450,康得新,35.73,37.08,35.15,35.83,35.79,-0.06,-0.1676,2.3766,34226808,1234068171.69,57557962543.8,51457222720.3
2016-04-06,'002450,康得新,35.79,36.02,34.01,34.46,34.16,1.63,4.7717,2.6236,37783593,1338806260.97,57654617392.7,51543632834.0
2016-04-05,'002450,康得新,34.16,34.26,33.09,33.3,32.99,1.17,3.5465,1.5257,21972622,743665265.07,55028827329.8,49196158077.9
2016-04-01,'002450,康得新,32.99,33.13,32.41,33.13,32.99,0.0,0.0,0.6905,9944238,325799754.74,53144057775.5,47511160860.4
2016-03-31,'002450,康得新,32.99,33.58,32.82,33.32,33.25,-0.26,-0.782,1.1533,16609057,550068232.45,53144057775.5,47511160860.4
2016-03-30,'002450,康得新,33.25,33.27,31.9,32.04,31.44,1.81,5.757,1.5634,22515795,735353017.67,53562895454.2,47885604686.5
2016-03-29,'002450,康得新,31.44,32.15,31.23,31.9,31.86,-0.42,-1.3183,0.9042,13021307,412314715.67,50647140844.6,45278899589.3
2016-03-28,'002450,康得新,31.86,32.74,31.71,32.2,32.08,-0.22,-0.6858,1.0276,14798840,477205339.74,51323724787.1,45883770385.3
2016-03-25,'002450,康得新,32.08,32.66,31.8,32.13,32.3,-0.22,-0.6811,0.9454,13615622,437457161.47,51678125899.9,46200607469.0
2016-03-24,'002450,康得新,32.3,33.25,32.28,33.25,33.43,-1.13,-3.3802,1.5189,21874783,716863983.21,52032527012.7,46517444552.6
2016-03-23,'002450,康得新,33.43,33.76,32.75,33.1,33.0,0.43,1.303,1.4028,20202835,670637081.83,53852860001.1,48144835027.7
2016-03-22,'002450,康得新,33.0,34.1,32.29,32.58,32.59,0.41,1.2581,2.1844,31459517,1048342321.9,53160166917.0,47525562546.0
2016-03-21,'002450,康得新,32.59,33.33,32.28,33.0,31.58,1.01,3.1982,2.3875,34383348,1124116376.13,52499692115.9,46935093435.6
2016-03-18,'002450,康得新,31.58,32.34,30.09,30.1,29.93,1.65,5.5129,2.4952,35880842,1131542825.23,50803865763.6,45411720126.2
2016-03-17,'002450,康得新,29.93,30.24,28.95,29.11,28.7,1.23,4.2857,1.6012,23025640,684735317.55,48149452257.9,43039036839.0
2016-03-16,'002450,康得新,28.7,29.99,28.62,29.81,29.45,-0.75,-2.5467,0.9866,14186687,412441460.67,46170707644.6,41270309297.7
2016-03-15,'002450,康得新,29.45,30.33,29.06,29.1,29.38,0.07,0.2383,1.3413,19287300,574132439.98,47377259238.1,42348801700.9
2016-03-14,'002450,康得新,29.38,29.86,28.62,28.62,28.2,1.18,4.1844,1.6903,24305842,714275001.61,47264647756.0,42248142410.0
2016-03-11,'002450,康得新,28.2,28.64,27.84,28.4,28.64,-0.44,-1.5363,0.8997,12937291,365277698.01,45366339915.6,40551314362.2
2016-03-10,'002450,康得新,28.64,29.47,28.51,28.8,28.9,-0.26,-0.8997,0.9182,13203502,382196798.77,46074183517.1,41184029905.4
2016-03-09,'002450,康得新,28.9,30.08,28.66,29.03,30.2,-1.3,-4.3046,1.7709,25465234,748961502.72,46492454736.2,41557907271.9
2016-03-08,'002450,康得新,30.2,30.79,27.8,29.96,29.9,0.3,1.0033,4.2492,61102365,1801620340.99,48583810831.6,43427294104.2
2016-03-07,'002450,康得新,0.0,0.0,0.0,0.0,29.9,None,None,0.0,0,0.0,48101190194.2,42995897142.9
2016-03-04,'002450,康得新,0.0,0.0,0.0,0.0,29.9,None,None,0.0,0,0.0,48101190194.2,42995897142.9
2016-03-03,'002450,康得新,0.0,0.0,0.0,0.0,29.9,None,None,0.0,0,0.0,48101190194.2,42995897142.9
2016-03-02,'002450,康得新,0.0,0.0,0.0,0.0,29.9,None,None,0.0,0,0.0,48101190194.2,42995897142.9
2016-03-01,'002450,康得新,0.0,0.0,0.0,0.0,29.9,None,None,0.0,0,0.0,48101190194.2,42995897142.9
2016-02-29,'002450,康得新,0.0,0.0,0.0,0.0,29.9,None,None,0.0,0,0.0,48101190194.2,42995897142.9
2016-02-26,'002450,康得新,0.0,0.0,0.0,0.0,29.9,None,None,0.0,0,0.0,48101190194.2,42995897142.9
2016-02-25,'002450,康得新,0.0,0.0,0.0,0.0,29.9,None,None,0.0,0,0.0,48086823603.0,42981530551.7
2016-02-24,'002450,康得新,0.0,0.0,0.0,0.0,29.9,None,None,0.0,0,0.0,48086823603.0,42981530551.7
2016-02-23,'002450,康得新,0.0,0.0,0.0,0.0,29.9,None,None,0.0,0,0.0,48086823603.0,42981530551.7
2016-02-22,'002450,康得新,0.0,0.0,0.0,0.0,29.9,None,None,0.0,0,0.0,48086823603.0,42981530551.7
2016-02-19,'002450,康得新,0.0,0.0,0.0,0.0,29.9,None,None,0.0,0,0.0,48086823603.0,42981530551.7
2016-02-18,'002450,康得新,0.0,0.0,0.0,0.0,29.9,None,None,0.0,0,0.0,48086823603.0,42981530551.7
2016-02-17,'002450,康得新,0.0,0.0,0.0,0.0,29.9,None,None,0.0,0,0.0,48086823603.0,42981530551.7
2016-02-16,'002450,康得新,0.0,0.0,0.0,0.0,29.9,None,None,0.0,0,0.0,48086823603.0,42981530551.7
2016-02-15,'002450,康得新,0.0,0.0,0.0,0.0,29.9,None,None,0.0,0,0.0,48086823603.0,42981530551.7
2016-02-05,'002450,康得新,0.0,0.0,0.0,0.0,29.9,None,None,0.0,0,0.0,48086823603.0,42981530551.7
2016-02-04,'002450,康得新,0.0,0.0,0.0,0.0,29.9,None,None,0.0,0,0.0,48086823603.0,42981530551.7
2016-02-03,'002450,康得新,0.0,0.0,0.0,0.0,29.9,None,None,0.0,0,0.0,48086823603.0,42981530551.7
2016-02-02,'002450,康得新,0.0,0.0,0.0,0.0,29.9,None,None,0.0,0,0.0,48086823603.0,42981530551.7
2016-02-01,'002450,康得新,0.0,0.0,0.0,0.0,29.9,None,None,0.0,0,0.0,48086823603.0,42981530551.7
2016-01-29,'002450,康得新,0.0,0.0,0.0,0.0,29.9,None,None,0.0,0,0.0,48086823603.0,42981530551.7
2016-01-28,'002450,康得新,0.0,0.0,0.0,0.0,29.9,None,None,0.0,0,0.0,48086823603.0,42981530551.7
2016-01-27,'002450,康得新,0.0,0.0,0.0,0.0,29.9,None,None,0.0,0,0.0,48086823603.0,42981530551.7
2016-01-26,'002450,康得新,0.0,0.0,0.0,0.0,29.9,None,None,0.0,0,0.0,48086823603.0,42981530551.7
2016-01-25,'002450,康得新,0.0,0.0,0.0,0.0,29.9,None,None,0.0,0,0.0,48086823603.0,42981530551.7
2016-01-22,'002450,康得新,0.0,0.0,0.0,0.0,29.9,None,None,0.0,0,0.0,48086823603.0,42981530551.7
2016-01-21,'002450,康得新,0.0,0.0,0.0,0.0,29.9,None,None,0.0,0,0.0,48086823603.0,42981530551.7
2016-01-20,'002450,康得新,0.0,0.0,0.0,0.0,29.9,None,None,0.0,0,0.0,48086823603.0,42981530551.7
