2925.2293,2925.6702,2906.5242,2911.2193,159716916,1.85084899734,16.84,17.05,16.4,16.57,16.6,0.24,1.4458,1.7377,50019764,2.0
2938.682,2945.5193,2915.185,2929.7881,172021023,2.11302476506,17.13,17.54,16.92,16.92,16.84,0.29,1.7221,2.1063,60629918,1.0
2934.0979,2945.9416,2922.2833,2940.9943,141993742,1.72426791396,17.22,17.44,16.91,17.28,17.13,0.09,0.5254,1.4827,42679591,1.0
2936.0449,2938.444,2923.502,2936.2821,132987867,1.63605603318,16.91,17.22,16.77,17.22,17.22,-0.31,-1.8002,1.0975,31590308,0.0
2927.159,2937.9863,2908.3666,2932.3761,143046071,1.77377309482,16.95,17.14,16.73,16.94,16.91,0.04,0.2365,1.1015,31707748,0.0
2833.0707,2911.1582,2832.5072,2897.2731,169255434,1.98547765495,15.99,16.85,15.91,16.75,16.95,-0.96,-5.6637,1.4364,41347616,0.0
2842.1886,2843.4558,2822.0609,2824.2285,119755274,1.38531751701,16.28,16.68,16.04,16.07,15.99,0.29,1.8136,0.9723,27988494,0.0
2887.2101,2894.2639,2811.7808,2814.6931,166671069,1.97199330848,16.79,16.93,16.05,16.12,16.28,0.51,3.1327,1.3926,40086042,2.0
2872.8166,2887.7426,2865.3878,2878.4023,173882767,2.01957154966,16.95,17.27,16.7,16.9,16.79,0.16,0.9529,1.6234,46729929,2.0
2885.105,2900.2993,2872.1845,2873.0089,171472517,1.95432492227,16.76,17.27,16.69,16.95,16.95,-0.19,-1.1209,1.2758,36724376,0.0
2888.8091,2891.6583,2864.0199,2887.6358,136571051,1.6373443957,16.96,17.14,16.69,16.89,16.76,0.2,1.1933,1.3174,37920752,2.0
2878.5575,2919.302,2869.1759,2898.3837,164359089,1.98201921486,17.52,17.95,17.03,17.23,16.96,0.56,3.3019,3.3017,95040550,1.0
2905.5495,2905.978,2869.5133,2872.7337,130590424,1.56339384142,17.99,18.23,17.31,17.64,17.52,0.47,2.6826,2.4167,69565849,1.0
2891.9602,2904.1115,2878.661,2902.3979,136137375,1.63680266691,17.56,17.95,17.44,17.9,17.99,-0.43,-2.3902,1.8518,53305351,1.0
2854.2864,2899.5689,2807.5976,2883.759,190842609,2.14913449682,17.15,17.8,16.88,17.56,17.56,-0.41,-2.3349,2.0413,58758258,2.0
2895.7033,2895.731,2840.2765,2840.5585,156697472,1.89854731207,17.45,17.5,17.15,17.16,17.15,0.3,1.7493,1.4157,40750690,2.0
2912.5574,2913.5817,2878.8243,2885.0112,173871047,2.11079306343,17.24,17.37,16.99,17.31,17.45,-0.21,-1.2034,2.1458,61766141,2.0
2931.5923,2933.9974,2915.0618,2918.5337,193215586,2.23406351275,17.25,17.48,17.11,17.25,17.24,0.01,0.058,1.4573,41949131,2.0
2929.6057,2938.1374,2922.3124,2931.4805,154464930,1.874597981,17.1,17.33,16.98,17.26,17.25,-0.15,-0.8696,1.494,43004457,2.0
2932.4758,2944.9894,2925.8101,2931.8016,141246227,1.73006184794,17.05,17.22,16.95,17.12,17.1,-0.05,-0.2924,1.1584,33345014,0.0
2988.604,2992.4978,2922.5196,2924.293,222017132,2.53150365202,17.48,17.56,16.93,16.93,17.05,0.43,2.522,2.1072,60656939,2.0
3006.3919,3010.275,2990.6416,2991.7524,235204450,2.70418011629,17.31,17.55,17.22,17.45,17.48,-0.17,-0.9725,1.2092,34806236,2.0
3017.2924,3017.6523,2984.8278,2998.5207,212370920,2.46497840951,17.2,17.27,17.07,17.26,17.31,-0.11,-0.6355,1.1239,32351989,0.0
3016.8467,3024.1087,2994.6426,3009.3533,222681667,2.70197134238,17.37,17.46,17.11,17.18,17.2,0.17,0.9884,1.3096,37697649,2.0
2988.0939,3001.5506,2983.881,3000.3263,168986859,2.09672668128,18.19,18.37,17.37,17.41,17.37,0.82,4.7208,3.6966,106406541,2.0
2994.9167,3022.9439,2990.9071,2993.7489,224338224,2.71916499904,18.0,18.45,17.87,18.2,18.19,-0.19,-1.0445,2.5494,73385194,2.0
3049.381,3049.6814,2984.4205,2992.5195,259486295,2.88656744057,18.39,18.49,17.81,17.95,18.0,0.39,2.1667,1.9553,56282477,1.0
3060.6893,3069.0469,3048.1991,3049.5128,253659384,2.79350871891,18.43,18.88,18.34,18.47,18.39,0.04,0.2175,2.2404,64489850,1.0
3054.0182,3057.0458,3036.5234,3054.9748,180194804,2.0893903131,18.39,18.7,18.23,18.36,18.43,-0.04,-0.217,1.2262,35295657,1.0
3054.296,3062.6832,3044.5375,3056.6817,172866398,2.0284054958,18.15,18.54,18.05,18.48,18.39,-0.24,-1.3051,1.0869,31287613,1.0
3043.5643,3058.3214,3031.6388,3047.6373,177496562,2.06667709265,17.92,18.11,17.73,18.06,18.15,-0.23,-1.2672,1.3599,39146151,2.0
3036.5979,3043.5999,3014.2889,3040.2257,155361466,1.87206723214,18.17,18.28,17.93,17.94,17.92,0.25,1.3951,1.3196,37983446,1.0
3027.8995,3042.997,3022.6309,3034.7139,138242815,1.7147291722,18.0,18.22,17.88,18.2,18.17,-0.17,-0.9356,1.0813,31124885,1.0
3039.0091,3053.3336,3027.3676,3027.6042,163767370,2.00278455546,17.89,18.15,17.84,18.0,18.0,-0.11,-0.6111,1.0617,30562273,2.0
3012.8157,3039.27,3007.4567,3038.1182,162010181,1.9751735036,17.98,18.34,17.85,17.89,17.89,0.09,0.5031,1.3843,39846148,1.0
3015.8278,3027.1228,3003.2921,3008.0937,144206582,1.75422000819,18.92,19.03,17.93,17.96,17.98,0.94,5.228,3.4381,98967187,1.0
3050.1661,3050.6145,3013.8021,3014.0397,156694506,1.85474467705,18.72,18.93,18.46,18.93,18.92,-0.2,-1.0571,1.8699,53823831,1.0
2991.9991,3057.4237,2939.2273,3050.3675,280160915,3.16811388907,17.87,18.75,17.75,18.73,18.72,-0.85,-4.5406,2.3932,68889342,3.0
2994.3234,3003.3631,2968.182,2980.5012,190564950,2.17626998763,18.35,18.42,17.7,17.9,17.87,0.48,2.6861,1.9967,57476122,1.0
2979.3388,3000.0546,2972.9166,2992.5355,150101534,1.70198566552,17.96,18.47,17.91,18.32,18.35,-0.39,-2.1253,1.1106,31968710,3.0
2953.3854,2972.8751,2931.9633,2971.9491,147407763,1.62372674323,17.36,17.88,17.25,17.88,17.96,-0.6,-3.3408,1.2908,37156401,0.0
2971.2787,2971.2787,2946.6365,2950.0796,115468900,1.29266872711,17.44,17.55,17.32,17.36,17.36,0.08,0.4608,0.5579,16058773,0.0
2978.4608,2981.1555,2956.7856,2963.2145,141141332,1.59088262525,17.64,17.65,17.42,17.45,17.44,0.2,1.1468,0.7877,22673793,0.0
2982.4261,2982.8601,2958.9332,2976.4096,133933301,1.53307963507,17.73,17.83,17.52,17.68,17.64,0.09,0.5102,0.738,21243060,3.0
2976.6962,2991.6767,2971.5638,2978.7776,141857101,1.61795980405,17.48,17.7,17.47,17.65,17.73,-0.25,-1.41,0.739,21272267,0.0
3004.2767,3004.7182,2959.0477,2972.6248,155729833,1.72089654259,17.62,17.72,17.35,17.44,17.48,0.14,0.8009,0.9484,27300800,0.0
3025.6805,3025.9108,2998.6766,3001.3063,169995446,1.87716865344,17.94,17.96,17.55,17.61,17.62,0.32,1.8161,1.3589,39115909,3.0
3018.7459,3033.1964,3017.0903,3023.4724,164675165,1.84525184723,17.53,17.95,17.53,17.94,17.94,-0.41,-2.2854,1.3541,38978500,0.0
3002.6376,3038.0478,3001.1681,3013.6776,161879481,1.79861525628,17.28,17.6,17.28,17.57,17.53,-0.25,-1.4261,1.0531,30312509,0.0
3050.6674,3051.0541,2999.039,3000.2731,168173657,1.79304885162,17.5,17.53,17.24,17.25,17.28,0.22,1.2731,0.6468,18618387,0.0
3125.1952,3137.4763,3053.8705,3056.4835,297616506,3.27991129268,17.76,17.85,17.3,17.45,17.5,0.26,1.4857,1.5103,43475011,0.0
3110.0369,3140.4408,3102.0653,3130.5333,278328934,3.08544861178,17.7,17.92,17.65,17.84,17.76,-0.06,-0.3378,1.0536,30326858,0.0
3109.5549,3114.2545,3090.2811,3106.9911,213839637,2.43405250612,17.78,17.84,17.62,17.7,17.7,0.08,0.452,0.8254,23760392,2.0
3104.1138,3125.5812,3093.3171,3107.7527,229359081,2.56969677017,17.46,17.89,17.41,17.75,17.78,-0.32,-1.7998,1.2247,35253488,0.0
3108.102,3113.3438,3082.771,3100.3912,194347453,2.12050971111,18.13,18.24,17.33,17.46,17.46,0.67,3.8373,2.5603,73699756,1.0
3084.8051,3112.7395,3083.5932,3107.3812,185387927,2.07638874518,17.62,18.06,17.62,18.0,18.13,-0.51,-2.813,1.3536,38963475,2.0
3089.7055,3101.1095,3073.5292,3081.5717,161368965,1.79183487675,17.84,17.93,17.63,17.85,17.62,0.22,1.2486,0.9098,26189566,2.0
3085.8804,3097.1483,3079.5478,3092.0197,145707440,1.68362528488,17.7,17.86,17.54,17.69,17.84,-0.14,-0.7848,1.0956,31580308,2.0
3068.3294,3073.4441,3041.5053,3073.4441,174032980,2.00859751351,18.15,18.41,17.52,17.66,17.7,0.45,2.5424,2.3644,68153393,2.0
3070.3088,3087.6522,3063.894,3069.8504,149663901,1.76309498242,18.27,18.43,17.97,18.13,18.15,0.12,0.6612,1.93,55634195,1.0
3070.0273,3074.9433,3058.7853,3068.4602,144500007,1.66397346222,18.23,18.39,18.09,18.27,18.27,-0.04,-0.2189,1.0431,30067967,1.0
3074.6768,3082.9879,3065.9713,3071.4404,140434811,1.63878823044,18.27,18.42,18.02,18.26,18.23,0.04,0.2194,1.3352,38488608,1.0
3085.491,3087.6977,3063.3963,3072.9164,141368609,1.68986117678,18.06,18.3,17.9,18.21,18.27,-0.21,-1.1494,1.3481,38859518,2.0
3063.3054,3088.7043,3062.8763,3083.9606,155191093,1.7709329528,17.97,18.14,17.97,18.06,18.06,-0.09,-0.4983,0.8718,25129093,2.0
3067.352,3072.5258,3050.4924,3057.4945,150446920,1.70592139865,17.79,17.99,17.72,17.9,17.97,-0.18,-1.0017,0.9362,26985891,0.0
3072.0953,3085.4853,3065.329,3070.707,144963317,1.61243675297,17.82,18.05,17.78,17.85,17.79,0.03,0.1686,0.7398,21323892,0.0
3090.7127,3095.5092,3053.1868,3071.0554,172908524,1.93057729108,18.05,18.08,17.63,17.8,17.82,0.23,1.2907,1.1361,32749225,2.0
3091.9281,3105.6775,3087.8794,3091.3287,186956763,2.07162121474,17.9,18.15,17.87,18.1,18.05,-0.15,-0.831,0.9674,27884475,0.0
3095.9543,3096.7832,3083.9015,3089.9529,145883771,1.65944472734,18.18,18.37,17.88,17.98,17.9,0.28,1.5642,1.3774,39704800,2.0
3078.8548,3101.7922,3078.2183,3095.4269,160692924,1.8205623252,18.58,18.79,18.12,18.18,18.18,0.4,2.2002,3.0053,86628576,1.0
3021.9771,3040.9522,2999.9288,3037.5073,206012086,2.21846569008,18.2,18.88,18.2,18.3,18.58,-0.38,-2.0452,2.4224,69826781,2.0
3023.5095,3029.7208,3008.7405,3025.0345,135387580,1.52791306018,18.9,18.97,18.15,18.3,18.2,0.7,3.8462,2.7127,78194414,1.0
3002.8486,3017.9447,2995.4156,3008.9044,133413401,1.48148969909,18.39,18.73,18.26,18.73,18.9,-0.51,-2.6984,1.8405,53052718,1.0
3026.0513,3026.6512,3005.3228,3005.3228,119225027,1.33168828076,18.41,18.62,18.34,18.41,18.39,0.02,0.1088,1.1375,32787957,1.0
3022.9995,3027.8165,3015.8804,3027.1717,118924117,1.39662303158,18.56,18.6,18.35,18.5,18.41,0.15,0.8148,0.985,28391510,1.0
3025.8736,3032.4503,3017.5408,3021.5762,115721213,1.34133726402,18.27,18.55,18.25,18.55,18.56,-0.29,-1.5625,0.9312,26840898,1.0
3042.3132,3054.4351,3035.0703,3038.422,139309554,1.59031064132,18.45,18.57,18.28,18.36,18.27,0.18,0.9852,0.8599,24787128,1.0
3033.8956,3046.8047,3032.8023,3044.7858,125590976,1.47377736332,18.36,18.51,18.21,18.48,18.45,-0.09,-0.4878,0.9062,26121475,1.0
2980.4295,3028.2428,2980.1169,3028.2428,144330286,1.62257246419,18.29,18.45,18.04,18.37,18.36,-0.07,-0.3813,1.3442,38746392,1.0
2998.1723,2998.2333,2969.1321,2974.593,121701450,1.33372708394,18.08,18.23,17.9,18.16,18.29,-0.21,-1.1482,1.1965,34489675,0.0
2987.8576,3000.6954,2984.3206,3000.6954,104625697,1.16437377488,18.05,18.15,18.02,18.08,18.08,-0.03,-0.1659,0.5067,14605338,0.0
2998.4827,3009.1984,2991.9088,2992.1683,113213919,1.2272857007,18.05,18.26,17.97,18.07,18.05,0.0,0.0,0.8164,23533018,0.0
3004.703,3009.1953,2993.0617,2994.2507,101333562,1.12794538478,18.08,18.17,18.02,18.08,18.05,0.03,0.1662,0.6354,18314600,0.0
3048.1428,3048.2358,3014.6198,3020.4566,160051104,1.7552179258,18.37,18.46,18.1,18.21,18.08,0.29,1.604,0.8813,25404638,1.0
3065.2497,3066.104,3048.0175,3051.6216,167273496,1.8378764835,18.38,18.57,18.26,18.38,18.37,0.01,0.0544,0.698,20119610,1.0
3058.4981,3060.5142,3048.8881,3057.3163,142493577,1.5998296136,18.38,18.5,18.21,18.28,18.38,0.0,0.0,0.6889,19856704,1.0
3061.3458,3064.9989,3052.6403,3057.9724,154756725,1.66335869075,18.25,18.45,18.25,18.33,18.38,-0.13,-0.7073,0.5986,17256125,3.0
3063.8086,3064.7895,3043.1841,3056.9927,155373705,1.63792994643,18.1,18.25,18.02,18.23,18.25,-0.15,-0.8219,0.9292,26784571,3.0
3041.1663,3068.812,3033.7532,3064.691,163733265,1.80594077051,17.9,18.39,17.85,18.12,18.1,-0.2,-1.105,0.9563,27565079,3.0
3083.8751,3084.1867,3037.4036,3037.4036,182042460,1.96036127966,18.12,18.14,17.88,17.95,17.9,0.22,1.2291,0.6639,19137742,3.0
3084.7189,3096.2228,3076.7705,3085.749,182470143,1.97481136362,18.03,18.24,17.99,18.18,18.12,-0.09,-0.4967,0.5902,17013653,3.0
3084.4577,3089.682,3076.2949,3084.9076,160691364,1.7767454271,17.97,18.06,17.91,18.05,18.03,-0.06,-0.3328,0.6298,18153416,3.0
3090.9412,3101.8486,3069.2669,3081.3891,187388072,2.01953662395,17.86,18.05,17.75,18.03,17.97,-0.11,-0.6121,0.756,21790561,3.0
3128.2467,3137.0335,3090.7864,3092.0466,240522349,2.50354393568,18.08,18.21,18.02,18.05,17.86,0.22,1.2318,0.8255,23848798,3.0
3131.9385,3132.5046,3121.0499,3127.9684,203380898,2.20861464075,18.16,18.27,18.09,18.11,18.08,0.08,0.4425,0.5671,16382049,1.0
3116.3119,3129.8382,3110.3874,3129.8382,191663263,2.15767706369,17.96,18.2,17.84,18.15,18.16,-0.2,-1.1013,0.6954,20090673,3.0
3112.3498,3114.7587,3100.3918,3112.6028,158008789,1.82237125269,17.93,18.05,17.84,17.97,17.96,-0.03,-0.167,0.5034,14542292,3.0
3104.2703,3128.6427,3101.2371,3111.7035,181774123,2.12593009855,17.84,18.07,17.84,17.93,17.93,-0.09,-0.502,0.5561,16065201,3.0
3100.492,3102.3015,3081.0722,3097.1881,151506764,1.78427745444,17.61,17.84,17.58,17.71,17.84,-0.23,-1.2892,0.7044,20349319,3.0
3122.4356,3122.6147,3097.0423,3101.6639,160232032,1.95831592265,17.75,17.79,17.63,17.66,17.61,0.14,0.795,0.4161,12020878,3.0
3102.7326,3118.9773,3099.8196,3115.7291,182722067,2.21676542065,17.45,17.82,17.44,17.8,17.75,-0.3,-1.6901,1.0279,29696077,0.0
3128.9356,3140.9298,3094.1025,3096.765,222986260,2.65820360415,17.35,17.48,17.25,17.41,17.45,-0.1,-0.5731,1.2801,36982209,0.0
3125.3167,3141.3337,3119.5354,3126.3489,197683197,2.39043257281,17.1,17.42,17.09,17.34,17.35,-0.25,-1.4409,0.9878,28538097,0.0
3133.3326,3139.2017,3117.0961,3124.892,179418490,2.10602324385,17.28,17.32,17.06,17.2,17.1,0.18,1.0526,1.029,29726350,0.0
3147.8875,3156.8812,3134.9547,3140.9435,190846979,2.2158511719,17.26,17.39,17.18,17.39,17.28,-0.02,-0.1157,0.8251,23836093,0.0
3128.3702,3146.9497,3096.9466,3146.0775,241114958,2.77229392734,17.03,17.26,16.88,17.2,17.26,-0.23,-1.3326,1.0388,30009660,0.0
3171.282,3172.3085,3148.544,3148.544,244192602,2.85992810523,17.16,17.28,17.08,17.15,17.03,0.13,0.7634,0.7059,20394379,0.0
3196.0436,3202.7401,3166.0696,3169.4007,310854579,3.43773951274,17.12,17.3,16.9,17.2,17.16,-0.04,-0.2331,1.203,34752865,0.0
3210.371,3221.4584,3186.7956,3187.7093,329608313,3.46974628516,17.19,17.25,17.05,17.08,17.12,0.07,0.4089,1.2471,36029383,0.0
3206.9858,3214.292,3195.0353,3209.9546,240886350,2.67003870859,17.36,17.45,17.07,17.16,17.19,0.17,0.9889,0.9635,27834358,0.0
3205.0572,3210.8927,3195.4105,3208.4973,221766993,2.44854511188,17.84,17.93,17.38,17.42,17.36,0.48,2.765,2.2053,63708842,2.0
3208.4525,3211.0527,3187.2056,3198.4985,214206240,2.2677585118,18.2,18.22,17.2,17.84,17.84,0.36,2.0179,2.0257,58521047,2.0
3192.8559,3212.394,3187.4963,3207.1933,209826639,2.35352062308,18.27,18.31,17.97,18.21,18.2,0.07,0.3846,1.8655,53892255,2.0
3218.1477,3229.7568,3188.2799,3188.4964,230652844,2.63177808131,18.36,18.5,18.04,18.24,18.27,0.09,0.4926,2.1002,60674286,2.0
3248.3517,3249.6765,3220.9825,3220.9825,261631547,2.9248483064,18.35,18.62,18.14,18.36,18.36,-0.01,-0.0545,1.5931,46024081,2.0
3241.1366,3262.8788,3231.5863,3247.9448,249959592,2.77942467717,18.38,18.38,18.0,18.34,18.35,0.03,0.1635,1.7709,51159333,2.0
3241.7359,3257.8574,3232.869,3237.428,232324527,2.67224712392,18.23,18.45,18.14,18.29,18.38,-0.15,-0.8161,0.9716,28069234,2.0
3261.9378,3262.4379,3209.5979,3241.2433,233921601,2.591170404,18.2,18.39,18.0,18.26,18.23,-0.03,-0.1646,0.9144,26415602,2.0
3276.9996,3288.3372,3267.6736,3270.0471,281551253,3.00460150894,18.03,18.29,18.03,18.27,18.2,-0.17,-0.9341,0.9169,26488569,2.0
3282.9238,3301.2133,3263.3973,3269.2339,320836287,3.4814934967,17.95,18.03,17.77,18.0,18.03,-0.08,-0.4437,1.1753,33953132,2.0
3250.0344,3277.2694,3239.5206,3272.1422,243576053,2.62808738181,17.98,18.14,17.81,17.9,17.95,0.03,0.1671,1.2943,37392220,2.0
3273.3093,3279.6707,3256.2555,3257.0268,237759864,2.61553934531,18.46,18.47,17.97,17.98,17.98,0.48,2.6696,1.5431,44578937,2.0
3243.8432,3279.7137,3235.277,3270.1205,259567205,2.81559095556,18.6,18.79,18.28,18.44,18.46,0.14,0.7584,1.7541,50676177,2.0
3204.7092,3219.5181,3194.8785,3203.7844,223010394,2.38598033019,19.09,20.0,18.92,19.28,18.6,0.49,2.6344,3.4058,98392642,2.0
3199.6473,3215.3114,3196.5248,3202.0293,157572693,1.77170154406,19.52,19.7,19.09,19.16,19.09,0.43,2.2525,2.4222,69975715,1.0
3222.2415,3222.428,3189.485,3198.4748,169072847,1.89443846603,19.63,19.74,19.24,19.41,19.52,0.11,0.5635,2.1945,63398214,1.0
3215.3658,3228.122,3211.4712,3225.5499,170710173,1.97802065189,21.0,21.26,19.6,19.6,19.63,1.37,6.9791,5.1204,147926215,1.0
3232.8834,3244.8013,3207.0433,3209.3395,204023956,2.26387156318,20.58,21.0,20.26,20.78,21.0,-0.42,-2.0,2.4871,71852333,1.0
3152.9704,3245.0946,3149.8955,3233.6661,274708461,2.94260138539,19.8,20.48,19.51,20.4,20.58,-0.78,-3.7901,2.7847,80447770,1.0
3155.0374,3162.496,3118.7121,3138.9881,185164495,2.03175456917,19.82,19.93,19.31,19.68,19.8,0.02,0.101,1.4374,41525579,1.0
3140.5308,3170.0208,3136.348,3149.3774,201358887,2.19206160238,19.46,19.78,18.98,19.68,19.82,-0.36,-1.8163,1.9419,56099651,1.0
3117.677,3138.7793,3100.9128,3125.7568,189990626,2.12863239254,19.22,19.65,19.14,19.42,19.46,-0.24,-1.2333,1.1123,32134206,1.0
3122.9815,3128.8735,3106.3464,3111.5145,164988699,1.89844752856,19.2,19.4,19.06,19.25,19.22,-0.02,-0.1041,1.199,34638067,1.0
3118.0846,3125.284,3110.0817,3120.6963,154169716,1.74500240651,19.26,19.29,19.04,19.18,19.2,0.06,0.3125,0.8207,23708212,1.0
3102.8759,3117.0145,3084.7997,3115.8984,157426759,1.71611881109,18.8,19.35,18.72,19.28,19.26,-0.46,-2.3884,1.3329,38505701,0.0
3137.4297,3140.2512,3107.2396,3107.2396,186706607,2.04247805174,19.04,19.2,18.66,18.82,18.8,0.24,1.2766,0.9226,26653010,3.0
3139.558,3143.1685,3126.8872,3132.1558,167804990,1.85981556911,18.82,19.16,18.78,19.08,19.04,-0.22,-1.1555,0.6215,17955258,3.0
3110.1544,3138.404,3103.7476,3134.9292,166176769,1.89281177497,19.02,19.29,18.71,18.79,18.82,0.2,1.0627,1.087,31401729,3.0
3122.569,3122.8812,3068.415,3095.5787,152571881,1.70555610888,18.8,19.19,18.5,19.0,19.02,-0.22,-1.1567,0.877,25336507,3.0
3114.664,3127.8828,3113.7451,3117.3868,141528939,1.62193908541,18.65,18.92,18.61,18.74,18.8,-0.15,-0.7979,0.7379,21317945,3.0
3102.2357,3118.7818,3094.5488,3113.7671,135727087,1.54329653047,18.99,19.05,18.61,18.66,18.65,0.34,1.8231,1.0542,30455730,3.0
3096.0968,3111.7994,3087.344,3095.8447,132623292,1.499191828,18.81,19.0,18.63,19.0,18.99,-0.18,-0.9479,0.9813,28348212,3.0
3103.6373,3108.8393,3089.9894,3097.3454,133267130,1.51732781753,19.11,19.26,18.9,18.91,18.81,0.3,1.5949,1.3825,39939184,3.0
3135.9208,3136.4558,3105.3085,3105.3085,141567187,1.59887139472,19.12,19.24,19.05,19.2,19.11,0.01,0.0523,0.6654,19223026,3.0
3158.794,3160.1029,3130.1145,3133.7873,167860850,1.95914292648,19.21,19.28,19.08,19.23,19.12,0.09,0.4707,0.9005,26016125,1.0
3165.4109,3168.5021,3154.281,3157.9063,174727645,1.99692026733,19.0,19.25,19.0,19.25,19.21,-0.21,-1.0932,0.7618,22007003,3.0
3154.321,3172.0347,3153.0253,3163.7761,183708966,2.07296038444,18.55,19.0,18.55,19.0,19.0,-0.45,-2.3684,1.0578,30559317,3.0
3171.2362,3173.136,3147.7351,3148.5317,171714075,1.92110579318,18.72,18.85,18.53,18.68,18.55,0.17,0.9164,0.6339,18313169,3.0
3161.6713,3174.5781,3157.3322,3167.5701,179759216,1.9496321658,18.62,18.88,18.62,18.83,18.72,-0.1,-0.5342,0.5788,16720373,3.0
3136.7535,3167.0288,3136.2667,3156.6856,178362221,1.89186459362,18.62,18.82,18.58,18.65,18.62,0.0,0.0,0.4395,12697416,3.0
3119.2886,3144.9699,3115.9787,3133.6015,148889240,1.61922296472,18.18,18.72,18.17,18.67,18.62,-0.44,-2.3631,0.727,21004092,3.0
3112.7644,3130.5146,3102.1628,3116.0827,156274214,1.74438553999,18.0,18.22,17.9,18.18,18.18,-0.18,-0.9901,0.591,17073740,3.0
3103.428,3105.1423,3044.2912,3104.4924,257885996,2.62826041801,17.45,17.98,17.0,17.82,18.0,-0.55,-3.0556,0.9697,28014409,0.0
3108.7746,3108.9072,3072.3384,3087.0295,136157861,1.54757554735,17.66,17.67,17.26,17.45,17.45,0.21,1.2034,0.6046,17467214,0.0
3113.0123,3123.7203,3098.5864,3104.7664,131780128,1.44546719278,17.6,17.74,17.44,17.63,17.66,-0.06,-0.3398,0.3454,9977479,0.0
3101.2992,3115.7778,3094.0055,3104.9715,123851420,1.39280461467,17.52,17.66,17.45,17.56,17.6,-0.08,-0.4545,0.2665,7698093,0.0
3123.1389,3125.6599,3095.2147,3095.8185,122366777,1.41471811351,17.78,17.93,17.46,17.52,17.52,0.26,1.484,0.5347,15446485,0.0
3136.7748,3145.8411,3125.4209,3125.4209,132660392,1.48145735877,17.97,18.14,17.7,17.76,17.78,0.19,1.0686,0.4072,11763223,3.0
3142.5533,3149.5312,3131.2181,3134.5921,125973881,1.34553852177,17.81,18.02,17.8,17.99,17.97,-0.16,-0.8904,0.3601,10404031,0.0
3149.5547,3151.4723,3133.1911,3137.6462,112073827,1.26765829992,17.85,17.97,17.77,17.92,17.81,0.04,0.2246,0.2916,8424235,0.0
3159.166,3163.1041,3148.9083,3149.2167,113876772,1.25013193942,17.95,18.06,17.86,17.94,17.85,0.1,0.5602,0.2968,8573178,0.0
3140.17,3162.6771,3136.013,3160.0816,92224736,1.08023659889,18.02,18.12,17.87,18.0,17.95,0.07,0.39,0.2611,7544132,3.0
3156.9838,3158.8433,3135.3869,3143.0931,127198283,1.50067694721,18.14,18.17,18.0,18.01,18.02,0.12,0.6659,0.2974,8590604,1.0
3153.0878,3159.544,3140.0356,3154.4046,128337442,1.52559086118,18.08,18.29,18.0,18.22,18.14,-0.06,-0.3308,0.3969,11465483,1.0
3166.9818,3167.4465,3132.0333,3148.086,144920187,1.70854126256,18.05,18.1,17.83,18.05,18.08,-0.03,-0.1659,0.4051,11704177,1.0
3183.1794,3186.838,3162.5744,3164.6875,191640327,2.09723158641,18.1,18.15,17.99,18.03,18.05,0.05,0.277,0.5553,16041424,1.0
3196.699,3205.049,3182.8021,3183.0069,239348913,2.4577216392,17.96,18.13,17.9,18.12,18.1,-0.14,-0.7735,0.4958,14323151,2.0
3216.8394,3219.4072,3198.9946,3198.9946,220191508,2.3615876682,17.68,17.96,17.62,17.96,17.96,-0.28,-1.559,1.5258,44079184,0.0
3217.928,3219.4047,3205.2853,3216.137,188798088,2.04253821854,17.7,17.71,17.53,17.59,17.68,0.02,0.1131,0.714,20627426,0.0
3212.9857,3235.9977,3206.5606,3215.4639,241507706,2.5796524446,17.83,18.06,17.72,17.75,17.7,0.13,0.7345,1.1785,34045186,0.0
3229.6184,3230.2754,3207.7852,3210.3567,216955942,2.26587611994,18.09,18.13,17.77,17.93,17.83,0.26,1.4582,0.8693,25113799,2.0
3202.0756,3238.3959,3199.4248,3227.7073,226228177,2.48572751592,18.1,18.42,18.0,18.09,18.09,0.01,0.0553,0.976,28196143,2.0
3239.9613,3241.458,3198.9633,3198.9633,232152096,2.50276131814,18.05,18.35,17.95,18.21,18.1,-0.05,-0.2762,1.1868,34285071,2.0
3253.3257,3254.3355,3239.8775,3242.2226,211673066,2.3355117605,18.12,18.15,18.01,18.1,18.05,0.07,0.3878,1.0296,29745534,2.0
3261.2184,3261.3808,3243.8398,3252.6898,207453776,2.34815325824,17.98,18.11,17.81,18.11,18.12,-0.14,-0.7726,1.1097,32058096,2.0
3251.375,3264.0819,3236.3549,3258.8319,209179800,2.36822582276,17.85,18.03,17.75,17.99,17.98,-0.13,-0.723,0.81,23399319,0.0
3253.4327,3253.9556,3233.5348,3246.8603,186406362,2.13839036867,17.88,18.01,17.79,17.84,17.85,0.03,0.1681,0.7013,20259491,0.0
3228.6602,3251.6543,3224.0884,3249.1945,182581071,2.11395715856,17.77,17.94,17.74,17.88,17.88,-0.11,-0.6152,0.6787,19638778,0.0
3241.7331,3242.679,3225.9689,3225.9689,151244318,1.8601928881,18.14,18.2,17.72,17.81,17.77,0.37,2.0822,1.4931,43201699,2.0
3246.9335,3259.9781,3237.8714,3240.0726,190677550,2.25940967942,18.43,18.52,18.09,18.17,18.14,0.29,1.5987,1.6998,49183399,2.0
3230.0281,3256.8074,3228.6647,3250.5183,181215076,2.23043958766,18.36,18.55,18.23,18.51,18.43,-0.07,-0.3798,0.8129,23520634,2.0
3218.3118,3221.1553,3206.6127,3219.2019,157082368,1.92707923011,18.66,18.79,18.26,18.29,18.36,0.3,1.634,1.5036,43504849,2.0
3233.8657,3234.6626,3215.067,3217.3345,156092158,1.93769172396,18.68,18.86,18.58,18.78,18.66,0.02,0.1072,0.9291,26882742,2.0
3242.4063,3242.6591,3226.8219,3233.0939,164064235,2.09931208364,18.55,18.73,18.44,18.67,18.68,-0.13,-0.6959,0.7972,23065314,2.0
3240.6646,3245.3043,3230.6083,3240.5323,160731388,1.98225782571,18.48,18.8,18.45,18.59,18.55,-0.07,-0.3774,0.7846,22700724,2.0
3216.7457,3233.8749,3205.2794,3233.7007,167371108,1.99217646811,18.48,18.56,18.36,18.49,18.48,0.0,0.0,0.6699,19384205,2.0
3212.7601,3222.3189,3208.4472,3213.7294,136672743,1.73663170235,19.05,19.09,18.5,18.51,18.48,0.57,3.0844,1.8693,54087851,2.0
3237.0244,3237.1212,3193.1565,3209.4492,163673760,2.06919741904,19.39,19.56,18.93,19.07,19.05,0.34,1.7848,2.0776,60114662,1.0
3239.3278,3246.3285,3231.5209,3235.2515,146946022,1.91535126691,19.26,19.43,19.16,19.33,19.39,-0.13,-0.6704,0.9759,28236686,1.0
3241.7597,3243.713,3227.7377,3235.403,144055682,1.85727250364,19.29,19.45,19.16,19.22,19.26,0.03,0.1558,0.7459,21582654,1.0
3268.9354,3269.77,3247.1628,3247.1628,189416002,2.44508344465,19.1,19.4,18.98,19.4,19.29,-0.19,-0.985,1.1647,33698335,2.0
3237.4471,3274.1903,3232.2806,3271.8665,200583223,2.62184046475,18.85,19.35,18.81,19.11,19.1,-0.25,-1.3089,1.125,32550555,2.0
3250.8082,3251.1271,3228.1177,3241.1101,170548430,2.13951759502,18.97,18.97,18.77,18.86,18.85,0.12,0.6366,0.8611,24913892,2.0
3261.6108,3262.2209,3246.6959,3250.2473,162719306,2.19121269782,19.17,19.18,18.89,18.97,18.97,0.2,1.0543,1.0423,30157224,1.0
3245.2198,3255.7779,3229.1283,3246.2233,189731649,2.44545459041,18.97,19.14,18.89,19.05,19.17,-0.2,-1.0433,0.6652,19246744,2.0
3248.5495,3262.0914,3221.9344,3245.8078,193029144,2.58246691,19.08,19.23,18.8,19.0,18.97,0.11,0.5799,0.913,26416586,2.0
3269.4451,3275.2066,3241.1233,3247.3495,219777914,2.67094164316,19.75,19.94,19.09,19.12,19.08,0.67,3.5115,2.2343,64647224,1.0
3266.9552,3283.2393,3262.1184,3268.924,201852675,2.49185540341,19.52,19.92,19.5,19.75,19.75,-0.23,-1.1646,1.0346,29935045,1.0
3252.9479,3265.6344,3246.0861,3265.6344,161710013,2.03452481772,19.5,19.8,19.45,19.6,19.52,-0.02,-0.1025,0.7492,21678594,1.0
3241.3144,3262.0976,3233.2795,3252.8653,216105575,2.4537185262,19.49,19.75,19.43,19.51,19.5,-0.01,-0.0513,0.6954,20120331,1.0
3210.2369,3240.0174,3195.8524,3235.1369,247135479,2.65694871643,18.91,19.55,18.87,19.5,19.49,-0.58,-2.9759,1.0753,31112288,0.0
3222.5142,3226.2483,3205.5365,3206.2529,196442922,2.14036159962,19.12,19.17,18.67,18.93,18.91,0.21,1.1105,1.0226,29587544,3.0
3270.3054,3270.6453,3233.2367,3235.6603,248320202,2.73201155674,19.21,19.44,19.03,19.05,19.12,0.09,0.4707,0.8058,23313798,3.0
3281.0047,3286.6739,3265.7645,3272.1926,245287999,2.62335587585,19.25,19.39,19.16,19.21,19.21,0.04,0.2082,0.5105,14770563,1.0
3286.616,3295.187,3275.0507,3280.6239,236108942,2.66738322876,19.02,19.32,18.97,19.28,19.25,-0.23,-1.1948,0.8496,24582933,0.0
3269.3926,3285.4594,3265.0121,3285.4594,232694616,2.79415195386,18.81,19.21,18.8,19.2,19.02,-0.21,-1.1041,0.8148,23576505,0.0
3288.9657,3290.3887,3244.4047,3266.2219,281281248,3.266224069,18.8,18.99,18.47,18.85,18.81,-0.01,-0.0532,1.0469,30290864,0.0
3273.8301,3284.9338,3262.2773,3283.8369,269381790,3.11505523795,18.82,19.13,18.71,18.76,18.8,0.02,0.1064,0.6212,17973819,0.0
3275.9603,3281.1369,3261.4901,3265.2181,207346875,2.2328721471,18.95,19.15,18.91,18.91,18.82,0.13,0.6908,0.5966,17262345,0.0
3246.0668,3276.7112,3238.8959,3276.1381,214508558,2.24106679468,18.63,18.91,18.51,18.88,18.95,-0.32,-1.6887,1.065,30824027,0.0
3222.1673,3229.9491,3199.9121,3229.9491,212737189,2.27214681389,18.81,18.95,18.57,18.61,18.63,0.18,0.9662,0.5687,16459749,0.0
3196.7133,3225.0546,3196.4884,3215.3963,188661353,2.11866767668,19.17,19.41,18.76,18.86,18.81,0.36,1.9139,1.2529,36262013,2.0
3170.6867,3189.4368,3147.0655,3184.666,213238075,2.25806056521,19.13,19.32,18.88,19.23,19.17,-0.04,-0.2087,0.8313,24059674,2.0
3172.1003,3178.1826,3148.1844,3165.665,190873985,2.20098232749,19.62,19.76,19.1,19.17,19.13,0.49,2.5614,1.7566,50841837,1.0
3173.1512,3180.7944,3158.6286,3170.2899,164761740,1.841314407,19.38,19.69,19.25,19.67,19.62,-0.24,-1.2232,1.0335,29910884,2.0
3129.5312,3164.2479,3111.2145,3164.2479,186277434,1.97845253573,19.35,19.74,19.1,19.31,19.38,-0.03,-0.1548,1.2324,35669147,2.0
3134.5674,3145.2672,3117.4488,3123.8943,153418307,1.74129249619,19.23,19.57,19.15,19.45,19.35,-0.12,-0.6202,0.8747,25314955,2.0
3140.8471,3152.9534,3131.418,3132.9181,169878107,1.97112873017,19.7,20.15,19.17,19.19,19.23,0.47,2.4441,2.4782,71727029,1.0
3152.1869,3155.0033,3097.3334,3131.3496,211793073,2.35748319355,19.99,20.03,19.53,19.73,19.7,0.29,1.4721,1.8171,52590495,1.0
3154.6584,3154.7266,3136.5781,3144.0219,162889899,1.83195769806,19.91,20.22,19.68,20.05,19.99,-0.08,-0.4002,1.4516,42013028,1.0
3143.7121,3154.7812,3136.5391,3147.2275,154222962,1.76389916688,19.65,20.1,19.62,19.91,19.91,-0.26,-1.3059,1.0201,29523273,1.0
3135.346,3148.2857,3123.7509,3138.3068,163763924,1.9023660069,19.63,19.81,19.43,19.6,19.65,-0.02,-0.1018,0.8702,25184455,2.0
3127.3687,3143.8179,3111.3912,3127.1058,177967485,2.00170851568,19.36,19.73,19.35,19.63,19.63,-0.27,-1.3754,0.7873,22785448,2.0
3103.0378,3117.6141,3092.0918,3114.7735,176213641,2.0027390817,18.98,19.58,18.98,19.36,19.36,-0.38,-1.9628,1.0601,30683367,0.0
3078.6129,3093.4516,3067.6943,3090.0652,180526904,1.98171689423,18.91,19.2,18.88,18.89,18.98,-0.07,-0.3688,0.8241,23850686,0.0
3080.5269,3084.2077,3056.558,3064.8484,135066674,1.52795901608,19.14,19.22,18.73,18.91,18.91,0.23,1.2163,0.8244,23860330,0.0
3052.785,3090.8191,3051.5896,3078.1728,160794452,1.81624151692,19.23,19.55,19.15,19.22,19.14,0.09,0.4702,1.4755,42704465,0.0
3061.5003,3063.5637,3016.5305,3036.7891,191341901,1.97604070142,19.7,19.75,19.13,19.13,19.23,0.47,2.4441,1.4841,42955139,2.0
3083.5132,3090.4914,3051.8713,3054.1123,159684099,1.75107245752,19.85,19.86,19.49,19.68,19.7,0.15,0.7614,0.9381,27151121,2.0
3090.2289,3098.9125,3085.9319,3085.9319,135660728,1.58269607703,19.73,20.08,19.71,19.86,19.85,-0.12,-0.6045,1.0921,31607813,2.0
3112.9642,3113.5116,3060.5344,3082.8717,173775564,1.93292104557,20.3,20.3,19.68,19.68,19.73,0.57,2.889,2.3122,66922524,1.0
3104.4415,3119.5816,3101.2953,3107.802,168674158,1.945605941,20.13,20.5,19.98,20.36,20.3,-0.17,-0.8374,1.7896,51796458,1.0
3090.139,3103.4413,3077.9631,3082.3288,148620035,1.68149514123,19.84,20.16,19.82,20.1,20.13,-0.29,-1.4406,0.9399,27202729,2.0
3090.6309,3095.4826,3081.278,3086.7054,129635230,1.50164226218,19.95,20.27,19.78,20.06,19.84,0.11,0.5544,0.9533,27590567,2.0
3075.6756,3103.9375,3063.1529,3087.1705,153683730,1.7034098265,19.98,20.27,19.8,20.0,19.95,0.03,0.1504,1.2771,36961668,2.0
3061.947,3084.2352,3050.8423,3069.3935,178310599,1.95073653676,20.15,20.62,19.88,19.92,19.98,0.17,0.8509,2.1326,61724418,2.0
3064.0759,3064.8127,3022.3026,3047.5681,139813353,1.52669201599,20.38,20.38,19.68,20.2,20.15,0.23,1.1414,1.9324,55928471,1.0
3107.8311,3114.6578,3052.8309,3055.3425,191391841,2.01910125032,20.34,20.46,20.14,20.39,20.32,0.02,0.0984,1.2245,35440686,1.0
3110.0587,3120.6627,3100.3877,3101.2864,155923486,1.71327384644,20.01,20.44,19.77,20.36,20.34,-0.33,-1.6224,1.9894,57578181,2.0
3117.1778,3143.2787,3111.5563,3125.3252,152950430,1.77913309936,20.07,20.15,19.65,20.09,20.01,0.06,0.2999,1.424,41214711,2.0
3102.6232,3113.5212,3097.6794,3108.4214,163015719,1.80782624777,20.04,20.15,19.86,19.98,20.07,-0.03,-0.1495,0.8722,25244439,2.0
3105.54,3110.3891,3081.8485,3094.2253,142504925,1.54454347995,19.65,19.96,19.5,19.96,20.04,-0.39,-1.9461,1.2701,36760769,0.0
3091.6561,3105.5056,3084.8301,3102.1095,132570300,1.43429802002,19.9,20.08,19.66,19.7,19.65,0.25,1.2723,0.773,22374082,0.0
3102.126,3102.8633,3078.7872,3084.5401,113439963,1.27804624246,20.23,20.26,19.86,19.95,19.9,0.33,1.6583,1.0896,31535187,2.0
3140.3249,3140.7743,3098.9508,3101.7608,173229014,1.94287945514,20.46,20.48,20.2,20.24,20.23,0.23,1.1369,1.4337,41494169,2.0
3150.3336,3153.2635,3132.8278,3136.4705,152277659,1.78894298541,20.34,20.51,20.31,20.4,20.46,-0.12,-0.5865,0.8334,24121045,2.0
3158.4004,3165.9197,3146.1075,3147.4533,160136334,1.8158488479,20.6,20.9,20.3,20.31,20.34,0.26,1.2783,1.9586,56686914,2.0
3139.8766,3164.9502,3135.314,3149.5266,146729425,1.70223276943,20.17,20.7,20.13,20.56,20.6,-0.43,-2.0874,1.4387,41639824,2.0
3153.7429,3155.9895,3131.0431,3134.0089,128318279,1.48457870014,20.43,20.45,20.15,20.17,20.17,0.26,1.289,0.9883,28604758,2.0
3130.674,3149.1731,3125.3546,3146.748,138347042,1.60641229612,20.81,20.86,20.22,20.45,20.43,0.38,1.86,1.494,43240627,2.0
3132.4863,3137.5854,3117.084,3125.5865,146954245,1.71124529384,20.89,20.97,20.61,20.77,20.81,0.08,0.3844,1.1022,31900427,2.0
3123.1662,3134.2511,3117.8567,3126.3728,129652758,1.49215477636,21.03,21.14,20.73,20.97,20.89,0.14,0.6702,1.2665,36656122,2.0
3144.3739,3146.7703,3121.7787,3122.1578,134891758,1.51741797886,21.03,21.22,20.91,21.03,21.03,0.0,0.0,1.0756,31130554,2.0
3140.0136,3150.4646,3134.6106,3148.0187,141191802,1.6249801458,21.24,21.55,21.0,21.1,21.03,0.21,0.9986,1.458,42197641,2.0
3156.2118,3157.0275,3132.6173,3148.9861,136688268,1.67048215951,21.78,21.79,21.16,21.29,21.24,0.54,2.5424,1.4667,42449832,2.0
3147.4532,3186.9823,3146.6432,3152.2424,191344006,2.20438439512,21.53,21.88,21.42,21.68,21.78,-0.25,-1.1478,1.496,43297162,2.0
3157.873,3158.0474,3118.0946,3138.4441,154843648,1.75568524171,22.45,22.48,21.54,21.63,21.53,0.92,4.2731,1.9521,56497589,1.0
3185.4439,3187.8891,3156.9767,3157.0022,173579211,2.00419302226,22.5,22.85,22.26,22.57,22.45,0.05,0.2227,1.9722,57080954,1.0
3191.1969,3193.4613,3172.463,3183.4198,148201198,1.67523800312,22.38,22.53,22.2,22.41,22.5,-0.12,-0.5333,1.3354,38649301,1.0
3173.2014,3193.4397,3170.7859,3183.6334,146516720,1.62081099741,22.02,22.37,21.89,22.22,22.38,-0.36,-1.6086,1.5016,43460133,1.0
3188.0625,3188.7741,3174.2835,3174.9811,128755470,1.47249798104,22.7,22.83,22.0,22.11,22.02,0.68,3.0881,1.7783,51468927,1.0
3192.4269,3193.2411,3171.5703,3176.9481,121464543,1.43195603458,22.52,22.79,22.42,22.6,22.7,-0.18,-0.793,1.0984,31790119,1.0
3195.9116,3196.2861,3177.0244,3191.9982,140305717,1.56575784396,22.09,22.56,21.92,22.5,22.52,-0.43,-1.9094,1.6322,47241590,1.0
3182.8039,3193.0644,3174.314,3192.8885,141114967,1.61454562393,22.1,22.24,21.75,22.01,22.09,0.01,0.0453,1.3597,39354331,1.0
3207.1342,3207.3095,3174.7081,3179.2169,148296483,1.73554012075,22.12,22.17,21.87,22.14,22.1,0.02,0.0905,1.2439,36003183,1.0
3212.444,3215.95,3188.7733,3203.8631,175809287,2.02209616966,21.97,22.25,21.7,22.15,22.12,-0.15,-0.6781,1.7354,50226058,1.0
3217.9567,3219.5232,3195.2905,3203.8225,176715416,2.01938313218,21.87,22.03,21.77,21.9,21.97,-0.1,-0.4552,1.0525,30461653,3.0
3212.6319,3223.3402,3203.2089,3208.4627,198928010,2.22828311758,21.66,22.06,21.56,21.7,21.87,-0.21,-0.9602,1.0916,31592947,3.0
3203.0375,3226.908,3199.2235,3201.5169,187837262,2.05493366275,21.8,21.98,21.48,21.62,21.66,0.14,0.6464,1.3208,38226351,3.0
3197.5439,3215.1962,3177.9346,3201.9292,186900880,2.01799622184,21.26,21.84,21.2,21.69,21.8,-0.54,-2.4771,1.4962,43304808,3.0
3218.1632,3219.2683,3190.3393,3192.3615,195303611,2.10820896339,21.36,21.48,21.08,21.37,21.26,0.1,0.4704,0.9611,27817175,3.0
3222.4168,3222.9784,3204.8529,3212.0316,160126773,1.74312138191,21.12,21.42,20.95,21.42,21.36,-0.24,-1.1236,1.1185,32371824,3.0
3176.4648,3230.354,3139.5035,3219.7914,266205274,2.74653250098,21.18,21.39,20.66,21.0,21.12,0.06,0.2841,1.4053,40674167,3.0
3187.5672,3187.671,3150.1284,3159.7318,190623060,1.96452361519,21.51,21.55,21.06,21.1,21.18,0.33,1.5581,1.2014,34772908,3.0
3230.9762,3232.9408,3179.73,3181.4015,272420726,2.69771019587,21.67,21.72,21.42,21.48,21.51,0.16,0.7438,1.0566,30580292,3.0
3244.8647,3246.236,3225.4328,3227.5056,232108392,2.45825421933,21.98,22.15,21.52,21.65,21.67,0.31,1.4305,1.4432,41769023,1.0
3237.9817,3247.7122,3231.9556,3236.5881,206003251,2.2195690991,21.9,22.06,21.71,21.96,21.98,-0.08,-0.364,0.7388,21381848,1.0
3250.5989,3261.1046,3230.0705,3230.898,233056399,2.50631194263,21.9,22.05,21.78,21.88,21.9,0.0,0.0,0.7061,20435723,1.0
3243.6894,3261.6454,3233.1376,3249.1376,205573873,2.13405498975,19.71,21.95,19.71,21.9,21.9,-2.19,-10.0,2.3211,67178610,0.0
3247.6748,3264.8483,3228.0389,3244.4608,213542005,2.28460518517,19.6,20.4,19.18,20.02,19.71,-0.11,-0.5581,5.3722,155485219,0.0
3249.7814,3251.9261,3220.6366,3243.765,228485945,2.4257208146,19.56,19.69,18.9,19.61,19.6,-0.04,-0.2041,3.1262,90479136,0.0
3253.2404,3256.3706,3232.9634,3240.1728,182226880,1.98428584091,19.87,20.09,19.59,19.72,19.56,0.31,1.5849,2.1603,62524127,0.0
3273.0283,3276.9461,3251.1941,3252.7519,246039440,2.53525920802,19.74,20.0,19.44,19.98,19.87,-0.13,-0.6543,1.771,51338991,0.0
3292.6383,3292.6383,3273.5038,3274.3685,237194594,2.56419942206,19.85,19.92,19.52,19.7,19.74,0.11,0.5572,1.2797,37097200,0.0
3285.0568,3305.4313,3282.0377,3288.5183,266730628,2.79352341794,19.29,19.89,19.19,19.83,19.85,-0.56,-2.8212,1.8439,53451186,0.0
3272.9286,3293.3686,3262.1554,3279.9864,233277004,2.43549542715,19.55,19.74,19.41,19.57,19.29,0.26,1.3478,1.2933,37491105,0.0
3262.0809,3287.1929,3261.3066,3269.3182,275906340,2.85634760381,19.4,19.59,19.21,19.58,19.55,-0.15,-0.7673,1.8159,52640921,0.0
3365.4974,3387.7956,3363.1765,3383.6281,221118685,2.64037023512,20.83,21.34,20.48,21.34,19.4,1.43,7.3711,5.4042,156656889,2.0
3365.2426,3380.8898,3353.6876,3364.4275,198405184,2.35160227356,20.98,21.21,20.51,20.6,20.83,0.15,0.7201,2.7797,80577623,2.0
3376.4188,3384.81,3360.0462,3365.3506,219011019,2.56888810547,21.06,21.26,20.91,21.0,20.98,0.08,0.3813,1.4004,40594999,2.0
3379.488,3391.0694,3370.8519,3381.487,272910319,3.25024951982,21.09,21.29,20.91,21.07,21.06,0.03,0.1425,1.3642,39546344,2.0
3384.147,3387.1397,3366.5412,3374.7185,194550715,2.30733408867,21.51,21.64,21.0,21.1,21.09,0.42,1.9915,1.4831,42991560,1.0
3371.4256,3391.6435,3361.3335,3383.47,221306487,2.56744421274,21.35,21.64,21.27,21.52,21.51,-0.16,-0.7438,1.2249,35506990,2.0
3353.6192,3365.5277,3345.3283,3365.1454,219765816,2.52910687798,21.38,21.4,20.98,21.35,21.35,0.03,0.1405,1.7865,51787787,2.0
3362.8587,3371.7486,3352.5134,3352.5134,190319676,2.27938635395,21.65,21.77,21.38,21.47,21.38,0.27,1.2629,1.3327,38671178,1.0
3356.8446,3370.4009,3344.7054,3365.5315,191129691,2.20728730019,21.8,21.94,21.53,21.8,21.65,0.15,0.6928,1.4745,42783466,1.0
3365.9959,3370.0978,3346.5356,3352.1848,192196661,2.25839069303,21.77,21.89,21.61,21.7,21.8,-0.03,-0.1376,1.1648,33798624,1.0
3357.8123,3377.8844,3356.8754,3364.6977,197448695,2.31946124431,21.59,21.8,21.24,21.7,21.77,-0.18,-0.8268,1.584,45960858,1.0
3352.5294,3356.4514,3334.9846,3347.1569,179234007,2.06583469029,21.35,21.44,21.23,21.32,21.59,-0.24,-1.1116,0.7289,21151088,2.0
3341.5487,3350.9612,3334.9438,3344.5886,169621293,2.02401690547,21.22,21.44,20.97,21.35,21.35,-0.13,-0.6089,1.061,30785244,2.0
3343.5826,3347.1629,3332.5985,3336.3497,132628595,1.59039634038,21.14,21.25,20.96,21.13,21.22,-0.08,-0.377,1.0132,29398179,2.0
3345.2717,3349.6949,3340.2989,3340.8219,143086945,1.68981337689,21.04,21.18,21.02,21.15,21.14,-0.1,-0.473,0.8012,23248188,0.0
3339.6421,3344.6005,3336.1784,3343.8446,149444300,1.81955627406,21.09,21.13,21.02,21.06,21.04,0.05,0.2376,0.631,18309709,0.0
3348.9431,3357.0154,3340.3109,3340.3109,144862443,1.75892822952,21.21,21.4,21.05,21.08,21.09,0.12,0.569,0.8457,24538964,0.0
3374.3781,3410.1704,3366.965,3403.2458,191736057,2.27440593874,21.51,21.65,21.16,21.5,21.21,0.3,1.4144,1.5453,44838833,2.0
3382.9879,3384.0262,3358.7953,3373.3446,179423841,2.31148615058,21.87,21.93,21.35,21.47,21.51,0.36,1.6736,1.3533,39266841,2.0
3388.2838,3395.7794,3379.1634,3381.488,181476704,2.31154505949,22.61,22.65,21.76,21.81,21.87,0.74,3.3836,2.1062,61114782,2.0
3386.1,3390.2036,3372.5331,3385.5329,161809380,2.01667864058,22.53,22.78,22.37,22.59,22.61,-0.08,-0.3538,1.1379,33016370,2.0
